,Ar,R,sel@loc_true,degree_true,sel@loc_pred,degree_pred,site_error,degree_error
0,C0h,CCN,1,1,1,1,0,0
1,C1b,CCN,1,1,1,1,0,0
2,C1c,CCN,1,1,1,1,0,0
3,C1d,CCN,1,1,1,1,0,0
4,C1t,CCN,1,1,1,1,0,0
5,C2b,CCN,4,0,4,0,0,0
6,C2c,CCN,4,1,4,1,0,0
7,C2d,CCN,4,1,4,0,0,1
8,C2t,CCN,1,1,1,0,0,1
9,D0h,CCN,1,1,1,1,0,0
10,D1b,CCN,1,1,1,1,0,0
11,D1c,CCN,1,0,1,0,0,0
12,D1d,CCN,1,1,1,1,0,0
13,D1t,CCN,1,1,1,1,0,0
14,D2b,CCN,4,0,4,0,0,0
15,D2c,CCN,1,0,4,1,1,1
16,D2d,CCN,4,0,4,0,0,0
17,D2t,CCN,1,1,1,0,0,1
18,E0h,CCN,1,1,1,1,0,0
19,E1b,CCN,1,1,1,1,0,0
20,E1c,CCN,1,0,1,0,0,0
21,E1d,CCN,1,1,1,1,0,0
22,E1t,CCN,1,1,1,1,0,0
23,E2b,CCN,4,0,1,0,1,0
24,E2c,CCN,4,1,4,1,0,0
25,E2d,CCN,4,0,4,0,0,0
26,E2t,CCN,1,1,1,1,0,0
27,F0h,CCN,1,0,1,0,0,0
28,F1b,CCN,3,1,3,1,0,0
29,F1c,CCN,3,1,3,1,0,0
30,F1d,CCN,3,0,3,0,0,0
31,F1t,CCN,3,1,3,1,0,0
32,F2b,CCN,1,1,1,1,0,0
33,F2c,CCN,3,1,3,0,0,1
34,F2d,CCN,3,0,1,0,1,0
35,F2t,CCN,1,1,1,1,0,0
36,F3b,CCN,1,1,1,1,0,0
37,F3c,CCN,1,0,1,1,0,1
38,F3d,CCN,1,1,1,1,0,0
39,F3t,CCN,1,1,1,1,0,0
40,Fb0,CCN,5,1,5,0,0,1
41,Fb3b,CCN,5,1,5,1,0,0
42,Fb3c,CCN,5,1,5,1,0,0
43,Fb3d,CCN,5,0,5,1,0,1
44,Fb3t,CCN,5,1,5,1,0,0
45,Fb4b,CCN,5,1,5,1,0,0
46,Fb4c,CCN,5,1,5,1,0,0
47,Fb4d,CCN,5,1,5,0,0,1
48,Fb4t,CCN,5,1,5,1,0,0
49,Fb5b,CCN,4,0,3,0,1,0
50,Fb5c,CCN,4,1,4,1,0,0
51,Fb5d,CCN,3,1,3,1,0,0
52,Fb5t,CCN,3,1,3,1,0,0
53,Fc0,CCN,2,0,2,0,0,0
54,Fc2b,CCN,5,1,5,1,0,0
55,Fc2c,CCN,5,1,5,1,0,0
56,Fc2d,CCN,5,1,5,1,0,0
57,Fc2t,CCN,5,1,5,1,0,0
58,Fc4b,CCN,2,0,2,0,0,0
59,Fc4c,CCN,5,1,5,1,0,0
60,Fc4d,CCN,2,0,5,0,1,0
61,Fc4t,CCN,2,1,2,0,0,1
62,Fc5b,CCN,2,1,2,1,0,0
63,Fc5c,CCN,2,1,2,1,0,0
64,Fc5d,CCN,2,1,2,1,0,0
65,Fc5t,CCN,2,1,2,1,0,0
66,Fd0,CCN,5,1,5,1,0,0
67,Fd3b,CCN,5,1,5,1,0,0
68,Fd3c,CCN,5,1,5,1,0,0
69,Fd3d,CCN,5,1,5,1,0,0
70,Fd3t,CCN,5,1,5,1,0,0
71,Fd4b,CCN,5,1,5,1,0,0
72,Fd4c,CCN,5,1,5,1,0,0
73,Fd4d,CCN,5,1,5,1,0,0
74,Fd4t,CCN,5,1,5,1,0,0
75,Fd5b,CCN,4,0,4,0,0,0
76,Fd5c,CCN,4,1,4,1,0,0
77,Fd5d,CCN,3,1,3,1,0,0
78,Fd5t,CCN,3,1,3,1,0,0
79,Fe0,CCN,2,0,2,0,0,0
80,Fe2b,CCN,5,1,5,1,0,0
81,Fe2c,CCN,5,1,5,1,0,0
82,Fe2d,CCN,5,1,5,1,0,0
83,Fe2t,CCN,5,1,5,1,0,0
84,Fe4b,CCN,5,0,5,0,0,0
85,Fe4c,CCN,5,1,5,1,0,0
86,Fe4d,CCN,2,0,5,0,1,0
87,Fe4t,CCN,2,1,2,1,0,0
88,Fe5b,CCN,2,1,2,1,0,0
89,Fe5c,CCN,4,0,2,0,1,0
90,Fe5d,CCN,2,1,2,1,0,0
91,Fe5t,CCN,2,1,2,1,0,0
92,Ff0,CCN,5,1,5,1,0,0
93,Ff3b,CCN,5,1,5,1,0,0
94,Ff3c,CCN,5,1,5,1,0,0
95,Ff3d,CCN,5,1,5,1,0,0
96,Ff3t,CCN,5,1,5,1,0,0
97,Ff4b,CCN,5,1,5,1,0,0
98,Ff4c,CCN,5,1,5,1,0,0
99,Ff4d,CCN,5,0,5,1,0,1
100,Ff4t,CCN,5,1,5,1,0,0
101,Ff5b,CCN,3,0,4,0,1,0
102,Ff5c,CCN,4,1,4,1,0,0
103,Ff5d,CCN,3,1,3,1,0,0
104,Ff5t,CCN,3,1,3,1,0,0
105,G0h,CCN,2,0,3,0,1,0
106,G0hH,CCN,3,0,3,0,0,0
107,G1b,CCN,4,0,3,0,1,0
108,G1bH,CCN,3,0,3,0,0,0
109,G1c,CCN,4,0,4,0,0,0
110,G1cH,CCN,3,1,3,0,0,1
111,G1d,CCN,2,1,2,1,0,0
112,G1dH,CCN,5,0,5,0,0,0
113,G1t,CCN,5,0,5,0,0,0
114,G1tH,CCN,3,0,5,0,1,0
115,G2b,CCN,5,0,5,0,0,0
116,G2bH,CCN,5,1,5,0,0,1
117,G2c,CCN,1,0,3,0,1,0
118,G2cH,CCN,3,0,3,0,0,0
119,G2d,CCN,1,0,1,0,0,0
120,G2dH,CCN,1,0,1,0,0,0
121,G2t,CCN,4,0,5,0,1,0
122,G2tH,CCN,5,1,5,0,0,1
123,G3b,CCN,1,0,1,0,0,0
124,G3bH,CCN,1,1,1,1,0,0
125,G3c,CCN,2,1,2,1,0,0
126,G3cH,CCN,1,0,1,1,0,1
127,G3d,CCN,2,1,2,0,0,1
128,G3dH,CCN,1,1,1,1,0,0
129,G3t,CCN,1,1,1,1,0,0
130,G3tH,CCN,1,1,1,1,0,0
131,H01b,CCN,4,0,3,0,1,0
132,H01bH,CCN,3,1,3,1,0,0
133,H01c,CCN,3,0,3,0,0,0
134,H01cH,CCN,3,0,3,0,0,0
135,H01d,CCN,1,1,1,1,0,0
136,H01dH,CCN,1,1,1,0,0,1
137,H01t,CCN,4,0,4,0,0,0
138,H01tH,CCN,4,0,4,1,0,1
139,HFa0,CCN,2,1,2,1,0,0
140,HFa2b,CCN,5,1,5,1,0,0
141,HFa2c,CCN,5,1,5,1,0,0
142,HFa2d,CCN,5,1,5,0,0,1
143,HFa2t,CCN,5,0,5,0,0,0
144,HFa4b,CCN,2,1,2,1,0,0
145,HFa4c,CCN,2,1,2,1,0,0
146,HFa4d,CCN,2,1,2,1,0,0
147,HFa4t,CCN,2,1,2,1,0,0
148,HFa5b,CCN,2,1,2,1,0,0
149,HFa5c,CCN,2,1,2,1,0,0
150,HFa5d,CCN,2,1,2,1,0,0
151,HFa5t,CCN,2,1,2,1,0,0
152,HFb0,CCN,3,0,3,0,0,0
153,HFb3b,CCN,5,1,5,1,0,0
154,HFb3c,CCN,5,1,5,1,0,0
155,HFb3d,CCN,5,1,5,1,0,0
156,HFb3t,CCN,5,1,5,1,0,0
157,HFb4b,CCN,5,1,5,0,0,1
158,HFb4c,CCN,5,1,5,0,0,1
159,HFb4d,CCN,5,1,3,0,1,1
160,HFb4t,CCN,5,1,3,0,1,1
161,HFb5b,CCN,3,1,3,1,0,0
162,HFb5c,CCN,3,0,3,1,0,1
163,HFb5d,CCN,3,1,3,1,0,0
164,HFb5t,CCN,3,1,3,1,0,0
165,HFc0,CCN,2,1,2,1,0,0
166,HFc2b,CCN,5,1,5,1,0,0
167,HFc2c,CCN,5,1,5,1,0,0
168,HFc2d,CCN,5,1,5,1,0,0
169,HFc2t,CCN,5,1,5,1,0,0
170,HFc4b,CCN,2,1,2,1,0,0
171,HFc4c,CCN,2,0,2,1,0,1
172,HFc4d,CCN,2,1,2,1,0,0
173,HFc4t,CCN,2,1,2,1,0,0
174,HFc5b,CCN,2,1,2,1,0,0
175,HFc5c,CCN,2,1,2,1,0,0
176,HFc5d,CCN,2,1,2,1,0,0
177,HFc5t,CCN,2,1,2,1,0,0
178,HFd0,CCN,5,1,5,1,0,0
179,HFd3b,CCN,5,1,5,1,0,0
180,HFd3c,CCN,5,1,5,1,0,0
181,HFd3d,CCN,5,1,5,1,0,0
182,HFd3t,CCN,5,1,5,1,0,0
183,HFd4b,CCN,5,1,5,1,0,0
184,HFd4c,CCN,5,1,5,1,0,0
185,HFd4d,CCN,5,1,5,1,0,0
186,HFd4t,CCN,5,1,5,1,0,0
187,HFd5b,CCN,3,1,3,1,0,0
188,HFd5c,CCN,4,0,3,1,1,1
189,HFd5d,CCN,3,1,3,1,0,0
190,HFd5t,CCN,3,1,3,1,0,0
191,HFe0,CCN,2,1,2,1,0,0
192,HFe4b,CCN,2,0,2,1,0,1
193,HFe4c,CCN,5,1,2,0,1,1
194,HFe4d,CCN,2,1,2,1,0,0
195,HFe4t,CCN,2,1,2,1,0,0
196,HFf0,CCN,3,1,3,1,0,0
197,HFf3b,CCN,5,1,5,1,0,0
198,HFf3c,CCN,5,1,5,1,0,0
199,HFf3d,CCN,5,1,5,1,0,0
200,HFf3t,CCN,5,1,5,1,0,0
201,C0h,CF2,1,1,1,1,0,0
202,C1b,CF2,1,1,1,1,0,0
203,C1c,CF2,1,1,1,1,0,0
204,C1d,CF2,1,1,1,1,0,0
205,C1t,CF2,1,1,1,1,0,0
206,C2b,CF2,4,0,4,0,0,0
207,C2c,CF2,4,1,4,1,0,0
208,C2d,CF2,4,0,4,0,0,0
209,C2t,CF2,4,0,1,0,1,0
210,D0h,CF2,1,1,1,1,0,0
211,D1b,CF2,1,1,1,1,0,0
212,D1c,CF2,1,0,1,0,0,0
213,D1d,CF2,1,1,1,1,0,0
214,D1t,CF2,1,1,1,1,0,0
215,D2b,CF2,4,0,4,0,0,0
216,D2c,CF2,4,1,4,1,0,0
217,D2d,CF2,4,1,4,0,0,1
218,D2t,CF2,4,0,1,0,1,0
219,E0h,CF2,1,1,1,1,0,0
220,E1b,CF2,1,0,1,0,0,0
221,E1c,CF2,1,0,1,0,0,0
222,E1d,CF2,1,1,1,1,0,0
223,E1t,CF2,1,1,1,1,0,0
224,E2b,CF2,4,0,4,0,0,0
225,E2c,CF2,4,1,4,1,0,0
226,E2d,CF2,4,0,4,0,0,0
227,E2t,CF2,1,0,1,0,0,0
228,F0h,CF2,1,1,1,0,0,1
229,F1b,CF2,3,1,3,1,0,0
230,F1c,CF2,3,1,3,1,0,0
231,F1d,CF2,3,0,3,0,0,0
232,F1t,CF2,3,0,3,0,0,0
233,F2b,CF2,1,0,1,0,0,0
234,F2c,CF2,3,0,3,0,0,0
235,F2d,CF2,1,0,1,0,0,0
236,F2t,CF2,1,1,1,0,0,1
237,F3b,CF2,1,1,1,1,0,0
238,F3c,CF2,1,0,1,0,0,0
239,F3d,CF2,1,1,1,1,0,0
240,F3t,CF2,1,1,1,1,0,0
241,Fb0,CF2,5,0,5,0,0,0
242,Fb3b,CF2,5,1,5,1,0,0
243,Fb3c,CF2,5,1,5,1,0,0
244,Fb3d,CF2,5,0,5,0,0,0
245,Fb3t,CF2,5,1,5,1,0,0
246,Fb4b,CF2,5,1,5,1,0,0
247,Fb4c,CF2,5,1,5,1,0,0
248,Fb4d,CF2,5,1,5,0,0,1
249,Fb4t,CF2,5,0,5,0,0,0
250,Fb5b,CF2,4,0,3,0,1,0
251,Fb5c,CF2,4,1,4,1,0,0
252,Fb5d,CF2,3,1,3,1,0,0
253,Fb5t,CF2,3,1,3,1,0,0
254,Fc0,CF2,5,0,2,0,1,0
255,Fc2b,CF2,5,1,5,1,0,0
256,Fc2c,CF2,5,1,5,1,0,0
257,Fc2d,CF2,5,1,5,1,0,0
258,Fc2t,CF2,5,1,5,1,0,0
259,Fc4b,CF2,5,0,5,0,0,0
260,Fc4c,CF2,5,1,5,1,0,0
261,Fc4d,CF2,5,1,5,0,0,1
262,Fc4t,CF2,2,0,2,0,0,0
263,Fc5b,CF2,2,1,2,1,0,0
264,Fc5c,CF2,2,1,2,1,0,0
265,Fc5d,CF2,2,1,2,1,0,0
266,Fc5t,CF2,2,1,2,1,0,0
267,Fd0,CF2,5,1,5,1,0,0
268,Fd3b,CF2,5,1,5,1,0,0
269,Fd3c,CF2,5,1,5,1,0,0
270,Fd3d,CF2,5,1,5,1,0,0
271,Fd3t,CF2,5,1,5,1,0,0
272,Fd4b,CF2,5,1,5,1,0,0
273,Fd4c,CF2,5,1,5,1,0,0
274,Fd4d,CF2,5,1,5,1,0,0
275,Fd4t,CF2,5,1,5,1,0,0
276,Fd5b,CF2,4,0,4,0,0,0
277,Fd5c,CF2,4,1,4,1,0,0
278,Fd5d,CF2,3,1,3,1,0,0
279,Fd5t,CF2,3,1,3,1,0,0
280,Fe0,CF2,2,0,2,0,0,0
281,Fe2b,CF2,5,1,5,1,0,0
282,Fe2c,CF2,5,1,5,1,0,0
283,Fe2d,CF2,5,0,5,0,0,0
284,Fe2t,CF2,5,0,5,0,0,0
285,Fe4b,CF2,5,0,5,0,0,0
286,Fe4c,CF2,5,0,5,1,0,1
287,Fe4d,CF2,2,0,5,0,1,0
288,Fe4t,CF2,2,0,2,0,0,0
289,Fe5b,CF2,2,1,2,1,0,0
290,Fe5c,CF2,2,0,2,0,0,0
291,Fe5d,CF2,2,1,2,1,0,0
292,Fe5t,CF2,2,1,2,1,0,0
293,Ff0,CF2,5,1,5,1,0,0
294,Ff3b,CF2,5,1,5,1,0,0
295,Ff3c,CF2,5,1,5,1,0,0
296,Ff3d,CF2,5,1,5,1,0,0
297,Ff3t,CF2,5,1,5,1,0,0
298,Ff4b,CF2,5,1,5,1,0,0
299,Ff4c,CF2,5,1,5,1,0,0
300,Ff4d,CF2,5,1,5,1,0,0
301,Ff4t,CF2,5,1,5,1,0,0
302,Ff5b,CF2,3,0,3,0,0,0
303,Ff5c,CF2,4,1,4,1,0,0
304,Ff5d,CF2,3,1,3,1,0,0
305,Ff5t,CF2,3,1,3,1,0,0
306,G0h,CF2,1,0,1,0,0,0
307,G0hH,CF2,3,0,3,0,0,0
308,G1b,CF2,5,0,5,0,0,0
309,G1bH,CF2,3,0,3,0,0,0
310,G1c,CF2,4,0,4,0,0,0
311,G1cH,CF2,3,0,3,0,0,0
312,G1d,CF2,2,1,2,1,0,0
313,G1dH,CF2,5,0,5,0,0,0
314,G1t,CF2,5,0,5,0,0,0
315,G1tH,CF2,3,0,3,0,0,0
316,G2b,CF2,5,0,5,0,0,0
317,G2bH,CF2,3,0,3,0,0,0
318,G2c,CF2,5,0,5,0,0,0
319,G2cH,CF2,3,0,3,0,0,0
320,G2d,CF2,1,0,1,0,0,0
321,G2dH,CF2,1,0,1,0,0,0
322,G2t,CF2,5,0,5,0,0,0
323,G2tH,CF2,5,0,5,0,0,0
324,G3b,CF2,1,0,1,0,0,0
325,G3bH,CF2,1,1,1,1,0,0
326,G3c,CF2,2,0,2,0,0,0
327,G3cH,CF2,1,1,1,1,0,0
328,G3d,CF2,2,0,2,0,0,0
329,G3dH,CF2,1,0,1,1,0,1
330,G3t,CF2,1,0,1,1,0,1
331,G3tH,CF2,1,1,1,1,0,0
332,H01b,CF2,3,0,3,0,0,0
333,H01bH,CF2,3,1,3,1,0,0
334,H01c,CF2,3,0,3,0,0,0
335,H01cH,CF2,3,0,3,0,0,0
336,H01d,CF2,1,0,1,1,0,1
337,H01dH,CF2,1,1,1,1,0,0
338,H01t,CF2,4,0,4,0,0,0
339,H01tH,CF2,4,0,4,0,0,0
340,HFa0,CF2,2,1,2,1,0,0
341,HFa2b,CF2,5,1,5,1,0,0
342,HFa2c,CF2,5,1,5,1,0,0
343,HFa2d,CF2,5,0,4,0,1,0
344,HFa2t,CF2,5,0,5,0,0,0
345,HFa4b,CF2,2,1,2,1,0,0
346,HFa4c,CF2,2,1,2,1,0,0
347,HFa4d,CF2,2,1,2,1,0,0
348,HFa4t,CF2,2,1,2,1,0,0
349,HFa5b,CF2,2,1,2,1,0,0
350,HFa5c,CF2,2,1,2,1,0,0
351,HFa5d,CF2,2,1,2,1,0,0
352,HFa5t,CF2,2,1,2,1,0,0
353,HFb0,CF2,3,0,3,0,0,0
354,HFb3b,CF2,5,1,5,1,0,0
355,HFb3c,CF2,5,1,5,1,0,0
356,HFb3d,CF2,5,1,5,1,0,0
357,HFb3t,CF2,5,1,5,1,0,0
358,HFb4b,CF2,5,0,3,0,1,0
359,HFb4c,CF2,5,0,5,0,0,0
360,HFb4t,CF2,3,1,3,0,0,1
361,HFb5b,CF2,3,1,3,1,0,0
362,HFb5c,CF2,3,1,3,1,0,0
363,HFb5d,CF2,3,1,3,1,0,0
364,HFb5t,CF2,3,1,3,1,0,0
365,HFc0,CF2,2,1,2,1,0,0
366,HFc2b,CF2,5,1,5,1,0,0
367,HFc2c,CF2,5,1,5,1,0,0
368,HFc2d,CF2,5,1,5,1,0,0
369,HFc2t,CF2,5,1,5,1,0,0
370,HFc4b,CF2,2,1,2,1,0,0
371,HFc4c,CF2,2,0,2,0,0,0
372,HFc4t,CF2,2,1,2,1,0,0
373,HFc5b,CF2,2,1,2,1,0,0
374,HFc5c,CF2,2,1,2,1,0,0
375,HFc5d,CF2,2,1,2,1,0,0
376,HFc5t,CF2,2,1,2,1,0,0
377,HFd0,CF2,5,1,5,1,0,0
378,HFd3b,CF2,5,1,5,1,0,0
379,HFd3c,CF2,5,1,5,1,0,0
380,HFd3d,CF2,5,1,5,1,0,0
381,HFd3t,CF2,5,1,5,1,0,0
382,HFd4b,CF2,5,1,5,1,0,0
383,HFd4c,CF2,5,1,5,1,0,0
384,HFd4t,CF2,5,1,5,1,0,0
385,HFd5b,CF2,3,1,3,1,0,0
386,HFd5c,CF2,3,1,3,1,0,0
387,HFd5d,CF2,3,1,3,1,0,0
388,HFd5t,CF2,3,1,3,1,0,0
389,HFe0,CF2,2,1,2,1,0,0
390,HFe4b,CF2,2,1,2,1,0,0
391,HFe4c,CF2,2,0,2,0,0,0
392,HFe4d,CF2,2,0,2,1,0,1
393,HFe4t,CF2,2,1,2,1,0,0
394,HFf0,CF2,3,1,3,1,0,0
395,HFf3b,CF2,5,1,5,1,0,0
396,HFf3c,CF2,5,1,5,1,0,0
397,HFf3d,CF2,5,1,5,1,0,0
398,HFf3t,CF2,5,1,5,1,0,0
399,C0h,CF3,1,1,1,1,0,0
400,C1b,CF3,1,1,1,1,0,0
401,C1c,CF3,1,1,1,1,0,0
402,C1d,CF3,1,1,1,1,0,0
403,C1t,CF3,1,1,1,1,0,0
404,C2b,CF3,4,0,4,0,0,0
405,C2c,CF3,4,0,4,1,0,1
406,C2d,CF3,4,1,4,0,0,1
407,C2t,CF3,4,0,4,0,0,0
408,D0h,CF3,1,1,1,1,0,0
409,D1b,CF3,1,1,1,1,0,0
410,D1c,CF3,1,1,1,0,0,1
411,D1d,CF3,1,1,1,1,0,0
412,D1t,CF3,1,1,1,1,0,0
413,D2b,CF3,1,0,4,0,1,0
414,D2c,CF3,4,0,4,1,0,1
415,D2d,CF3,4,0,4,0,0,0
416,D2t,CF3,4,0,4,0,0,0
417,E0h,CF3,1,0,1,1,0,1
418,E1b,CF3,1,0,1,0,0,0
419,E1c,CF3,1,0,1,0,0,0
420,E1d,CF3,1,1,1,1,0,0
421,E1t,CF3,1,0,1,1,0,1
422,E2b,CF3,4,0,4,0,0,0
423,E2c,CF3,4,0,4,1,0,1
424,E2d,CF3,4,1,4,0,0,1
425,E2t,CF3,1,0,1,0,0,0
426,F0h,CF3,1,0,1,0,0,0
427,F1b,CF3,3,0,3,1,0,1
428,F1c,CF3,3,1,3,1,0,0
429,F1d,CF3,3,0,3,0,0,0
430,F1t,CF3,3,0,3,0,0,0
431,F2b,CF3,1,0,1,0,0,0
432,F2c,CF3,3,0,3,0,0,0
433,F2d,CF3,3,0,1,0,1,0
434,F2t,CF3,1,0,1,0,0,0
435,F3b,CF3,1,0,1,1,0,1
436,F3c,CF3,1,0,1,0,0,0
437,F3d,CF3,1,0,1,1,0,1
438,F3t,CF3,1,1,1,1,0,0
439,Fb0,CF3,5,0,5,0,0,0
440,Fb3b,CF3,5,1,5,1,0,0
441,Fb3c,CF3,5,1,5,1,0,0
442,Fb3d,CF3,4,0,4,0,0,0
443,Fb3t,CF3,5,0,5,1,0,1
444,Fb4b,CF3,5,0,5,0,0,0
445,Fb4c,CF3,5,0,5,1,0,1
446,Fb4d,CF3,5,1,5,0,0,1
447,Fb4t,CF3,5,0,5,0,0,0
448,Fb5b,CF3,4,0,4,0,0,0
449,Fb5c,CF3,4,0,4,1,0,1
450,Fb5d,CF3,3,0,3,0,0,0
451,Fb5t,CF3,3,0,3,0,0,0
452,Fc0,CF3,5,0,5,0,0,0
453,Fc2b,CF3,5,1,5,1,0,0
454,Fc2c,CF3,5,1,5,1,0,0
455,Fc2d,CF3,5,1,5,1,0,0
456,Fc2t,CF3,5,1,5,1,0,0
457,Fc4b,CF3,5,0,5,0,0,0
458,Fc4c,CF3,5,1,5,1,0,0
459,Fc4d,CF3,5,1,5,1,0,0
460,Fc4t,CF3,5,0,5,0,0,0
461,Fc5b,CF3,2,1,2,1,0,0
462,Fc5c,CF3,2,0,2,1,0,1
463,Fc5d,CF3,2,1,2,1,0,0
464,Fc5t,CF3,2,1,2,1,0,0
465,Fd0,CF3,5,1,5,1,0,0
466,Fd3b,CF3,5,1,5,1,0,0
467,Fd3c,CF3,5,1,5,1,0,0
468,Fd3d,CF3,5,1,5,1,0,0
469,Fd3t,CF3,5,1,5,1,0,0
470,Fd4b,CF3,5,1,5,1,0,0
471,Fd4c,CF3,5,1,5,1,0,0
472,Fd4d,CF3,5,1,5,1,0,0
473,Fd4t,CF3,5,1,5,1,0,0
474,Fd5b,CF3,4,0,4,0,0,0
475,Fd5c,CF3,4,1,4,1,0,0
476,Fd5d,CF3,3,0,3,1,0,1
477,Fd5t,CF3,4,0,3,0,1,0
478,Fe0,CF3,5,0,2,0,1,0
479,Fe2b,CF3,5,0,5,1,0,1
480,Fe2c,CF3,5,1,5,1,0,0
481,Fe2d,CF3,5,0,5,0,0,0
482,Fe2t,CF3,5,0,5,0,0,0
483,Fe4b,CF3,5,0,5,0,0,0
484,Fe4c,CF3,5,0,5,0,0,0
485,Fe4d,CF3,5,1,5,0,0,1
486,Fe4t,CF3,5,0,2,0,1,0
487,Fe5b,CF3,2,0,2,1,0,1
488,Fe5c,CF3,4,0,2,0,1,0
489,Fe5d,CF3,2,0,2,1,0,1
490,Fe5t,CF3,2,0,2,1,0,1
491,Ff0,CF3,5,0,5,1,0,1
492,Ff3b,CF3,5,1,5,1,0,0
493,Ff3c,CF3,5,0,5,0,0,0
494,Ff3d,CF3,5,0,5,0,0,0
495,Ff3t,CF3,5,1,5,1,0,0
496,Ff4b,CF3,5,0,5,1,0,1
497,Ff4c,CF3,5,0,5,1,0,1
498,Ff4d,CF3,5,1,5,1,0,0
499,Ff4t,CF3,5,1,5,0,0,1
500,Ff5b,CF3,4,0,3,0,1,0
501,Ff5c,CF3,4,0,4,1,0,1
502,Ff5d,CF3,3,0,3,1,0,1
503,Ff5t,CF3,3,0,3,0,0,0
504,G0h,CF3,2,0,1,0,1,0
505,G0hH,CF3,3,0,3,0,0,0
506,G1b,CF3,4,0,4,0,0,0
507,G1bH,CF3,3,0,3,0,0,0
508,G1c,CF3,4,0,4,0,0,0
509,G1cH,CF3,3,0,3,0,0,0
510,G1d,CF3,2,1,2,1,0,0
511,G1dH,CF3,5,0,5,0,0,0
512,G1t,CF3,4,0,5,0,1,0
513,G1tH,CF3,3,0,3,0,0,0
514,G2b,CF3,5,0,5,0,0,0
515,G2bH,CF3,5,0,3,0,1,0
516,G2c,CF3,1,0,3,0,1,0
517,G2cH,CF3,3,0,3,0,0,0
518,G2d,CF3,1,0,1,0,0,0
519,G2dH,CF3,1,0,1,0,0,0
520,G2t,CF3,5,0,5,0,0,0
521,G2tH,CF3,5,0,5,0,0,0
522,G3b,CF3,2,0,1,0,1,0
523,G3bH,CF3,1,1,1,1,0,0
524,G3c,CF3,2,0,2,0,0,0
525,G3cH,CF3,1,0,1,0,0,0
526,G3d,CF3,2,0,2,0,0,0
527,G3dH,CF3,1,0,1,0,0,0
528,G3t,CF3,1,1,1,0,0,1
529,G3tH,CF3,1,1,1,1,0,0
530,H01b,CF3,3,0,3,0,0,0
531,H01bH,CF3,3,1,3,1,0,0
532,H01c,CF3,3,0,3,0,0,0
533,H01cH,CF3,3,0,3,0,0,0
534,H01d,CF3,1,0,1,0,0,0
535,H01dH,CF3,1,1,1,1,0,0
536,H01t,CF3,3,0,4,0,1,0
537,H01tH,CF3,4,1,4,0,0,1
538,HFa0,CF3,2,1,2,1,0,0
539,HFa2b,CF3,5,1,5,1,0,0
540,HFa2c,CF3,5,1,5,1,0,0
541,HFa2d,CF3,4,0,5,0,1,0
542,HFa2t,CF3,5,0,5,0,0,0
543,HFa4b,CF3,2,1,2,1,0,0
544,HFa4c,CF3,2,0,2,1,0,1
545,HFa4d,CF3,2,1,2,1,0,0
546,HFa4t,CF3,2,1,2,1,0,0
547,HFa5b,CF3,2,1,2,1,0,0
548,HFa5c,CF3,2,1,2,1,0,0
549,HFa5d,CF3,2,1,2,1,0,0
550,HFa5t,CF3,2,1,2,1,0,0
551,HFb0,CF3,3,0,3,0,0,0
552,HFb3b,CF3,5,1,5,1,0,0
553,HFb3c,CF3,5,1,5,1,0,0
554,HFb3d,CF3,5,0,5,1,0,1
555,HFb3t,CF3,5,1,5,1,0,0
556,HFb4b,CF3,5,0,5,0,0,0
557,HFb4c,CF3,5,0,5,0,0,0
558,HFb4d,CF3,3,0,3,0,0,0
559,HFb4t,CF3,3,1,3,0,0,1
560,HFb5b,CF3,3,1,3,1,0,0
561,HFb5c,CF3,3,1,3,1,0,0
562,HFb5d,CF3,3,1,3,1,0,0
563,HFb5t,CF3,3,1,3,1,0,0
564,HFc0,CF3,2,0,2,1,0,1
565,HFc2b,CF3,5,1,5,1,0,0
566,HFc2c,CF3,5,1,5,1,0,0
567,HFc2d,CF3,5,1,5,1,0,0
568,HFc2t,CF3,5,1,5,1,0,0
569,HFc4b,CF3,2,0,2,1,0,1
570,HFc4c,CF3,5,0,2,0,1,0
571,HFc4d,CF3,5,1,2,0,1,1
572,HFc4t,CF3,2,0,2,1,0,1
573,HFc5b,CF3,2,1,2,1,0,0
574,HFc5c,CF3,2,1,2,1,0,0
575,HFc5d,CF3,2,1,2,1,0,0
576,HFc5t,CF3,2,1,2,1,0,0
577,HFd0,CF3,5,1,5,1,0,0
578,HFd3b,CF3,5,1,5,1,0,0
579,HFd3c,CF3,5,1,5,1,0,0
580,HFd3d,CF3,5,1,5,1,0,0
581,HFd3t,CF3,5,1,5,1,0,0
582,HFd4b,CF3,5,1,5,1,0,0
583,HFd4c,CF3,5,1,5,1,0,0
584,HFd4d,CF3,5,1,5,1,0,0
585,HFd4t,CF3,5,1,5,1,0,0
586,HFd5b,CF3,3,1,3,1,0,0
587,HFd5c,CF3,3,0,3,1,0,1
588,HFd5d,CF3,3,1,3,1,0,0
589,HFd5t,CF3,3,1,3,1,0,0
590,HFe0,CF3,2,1,2,1,0,0
591,HFe4b,CF3,2,0,2,1,0,1
592,HFe4c,CF3,5,0,5,0,0,0
593,HFe4d,CF3,5,0,2,0,1,0
594,HFe4t,CF3,2,0,2,1,0,1
595,HFf0,CF3,3,1,3,1,0,0
596,HFf3b,CF3,5,1,5,1,0,0
597,HFf3c,CF3,5,1,5,1,0,0
598,HFf3d,CF3,5,1,5,1,0,0
599,HFf3t,CF3,5,1,5,1,0,0
600,C0h,CFM,1,1,1,1,0,0
601,C1b,CFM,1,1,1,1,0,0
602,C1c,CFM,1,1,1,1,0,0
603,C1d,CFM,1,1,1,1,0,0
604,C1t,CFM,1,1,1,1,0,0
605,C2b,CFM,4,0,4,0,0,0
606,C2c,CFM,4,1,4,1,0,0
607,C2d,CFM,4,0,4,0,0,0
608,C2t,CFM,1,0,1,0,0,0
609,D0h,CFM,1,1,1,1,0,0
610,D1b,CFM,1,1,1,1,0,0
611,D1c,CFM,1,0,1,1,0,1
612,D1d,CFM,1,1,1,1,0,0
613,D1t,CFM,1,1,1,1,0,0
614,D2b,CFM,4,0,4,0,0,0
615,D2c,CFM,4,1,4,1,0,0
616,D2d,CFM,4,0,4,0,0,0
617,D2t,CFM,1,1,1,0,0,1
618,E0h,CFM,1,1,1,1,0,0
619,E1b,CFM,1,0,1,0,0,0
620,E1c,CFM,3,0,1,0,1,0
621,E1d,CFM,1,1,1,1,0,0
622,E1t,CFM,1,1,1,1,0,0
623,E2b,CFM,4,0,4,0,0,0
624,E2c,CFM,4,1,4,1,0,0
625,E2d,CFM,4,0,4,0,0,0
626,E2t,CFM,1,0,1,0,0,0
627,F0h,CFM,1,1,1,1,0,0
628,F1b,CFM,3,1,3,1,0,0
629,F1c,CFM,3,1,3,1,0,0
630,F1d,CFM,3,0,3,0,0,0
631,F1t,CFM,3,0,3,0,0,0
632,F2b,CFM,1,0,1,0,0,0
633,F2c,CFM,3,0,3,0,0,0
634,F2d,CFM,1,0,1,0,0,0
635,F2t,CFM,1,1,1,1,0,0
636,F3b,CFM,1,1,1,1,0,0
637,F3c,CFM,1,0,1,0,0,0
638,F3d,CFM,1,1,1,1,0,0
639,F3t,CFM,1,1,1,1,0,0
640,Fb0,CFM,5,0,5,0,0,0
641,Fb3b,CFM,5,1,5,1,0,0
642,Fb3c,CFM,5,1,5,1,0,0
643,Fb3d,CFM,5,0,5,0,0,0
644,Fb3t,CFM,5,1,5,1,0,0
645,Fb4b,CFM,5,1,5,1,0,0
646,Fb4c,CFM,5,1,5,1,0,0
647,Fb4d,CFM,5,1,5,0,0,1
648,Fb4t,CFM,5,1,5,0,0,1
649,Fb5b,CFM,3,0,3,0,0,0
650,Fb5c,CFM,4,1,4,1,0,0
651,Fb5d,CFM,3,1,3,1,0,0
652,Fb5t,CFM,3,1,3,1,0,0
653,Fc0,CFM,2,0,2,0,0,0
654,Fc2b,CFM,5,1,5,1,0,0
655,Fc2c,CFM,5,1,5,1,0,0
656,Fc2d,CFM,5,1,5,1,0,0
657,Fc2t,CFM,5,1,5,1,0,0
658,Fc4b,CFM,2,0,2,0,0,0
659,Fc4c,CFM,5,1,5,1,0,0
660,Fc4d,CFM,5,0,5,0,0,0
661,Fc4t,CFM,2,0,2,0,0,0
662,Fc5b,CFM,2,1,2,1,0,0
663,Fc5c,CFM,2,1,2,1,0,0
664,Fc5d,CFM,2,1,2,1,0,0
665,Fc5t,CFM,2,1,2,1,0,0
666,Fd0,CFM,5,1,5,1,0,0
667,Fd3b,CFM,5,1,5,1,0,0
668,Fd3c,CFM,5,1,5,1,0,0
669,Fd3d,CFM,5,1,5,1,0,0
670,Fd3t,CFM,5,1,5,1,0,0
671,Fd4b,CFM,5,1,5,1,0,0
672,Fd4c,CFM,5,1,5,1,0,0
673,Fd4d,CFM,5,1,5,1,0,0
674,Fd4t,CFM,5,1,5,1,0,0
675,Fd5b,CFM,4,0,3,0,1,0
676,Fd5c,CFM,4,1,4,1,0,0
677,Fd5d,CFM,3,1,3,1,0,0
678,Fd5t,CFM,3,1,3,1,0,0
679,Fe0,CFM,2,0,2,0,0,0
680,Fe2b,CFM,5,1,5,1,0,0
681,Fe2c,CFM,5,1,5,1,0,0
682,Fe2d,CFM,5,0,5,0,0,0
683,Fe2t,CFM,5,1,5,1,0,0
684,Fe4b,CFM,5,0,5,0,0,0
685,Fe4c,CFM,5,1,5,1,0,0
686,Fe4d,CFM,5,0,2,0,1,0
687,Fe4t,CFM,2,1,2,1,0,0
688,Fe5b,CFM,2,1,2,1,0,0
689,Fe5c,CFM,2,0,2,0,0,0
690,Fe5d,CFM,2,1,2,1,0,0
691,Fe5t,CFM,2,1,2,1,0,0
692,Ff0,CFM,5,1,5,1,0,0
693,Ff3b,CFM,5,1,5,1,0,0
694,Ff3c,CFM,5,1,5,1,0,0
695,Ff3d,CFM,5,1,5,1,0,0
696,Ff3t,CFM,5,1,5,1,0,0
697,Ff4b,CFM,5,1,5,1,0,0
698,Ff4c,CFM,5,1,5,1,0,0
699,Ff4d,CFM,5,1,5,1,0,0
700,Ff4t,CFM,5,0,5,1,0,1
701,Ff5b,CFM,3,0,3,0,0,0
702,Ff5c,CFM,4,1,4,1,0,0
703,Ff5d,CFM,3,1,3,1,0,0
704,Ff5t,CFM,3,1,3,1,0,0
705,G0h,CFM,1,0,1,0,0,0
706,G0hH,CFM,3,0,3,0,0,0
707,G1b,CFM,5,0,4,0,1,0
708,G1bH,CFM,3,0,3,0,0,0
709,G1c,CFM,2,0,4,0,1,0
710,G1cH,CFM,3,0,3,0,0,0
711,G1d,CFM,2,0,2,1,0,1
712,G1dH,CFM,5,0,5,0,0,0
713,G1t,CFM,5,0,5,0,0,0
714,G1tH,CFM,3,0,3,0,0,0
715,G2b,CFM,5,0,5,0,0,0
716,G2bH,CFM,5,0,5,0,0,0
717,G2c,CFM,3,0,5,0,1,0
718,G2cH,CFM,3,0,3,0,0,0
719,G2d,CFM,1,0,1,0,0,0
720,G2dH,CFM,1,0,1,0,0,0
721,G2t,CFM,5,0,5,0,0,0
722,G2tH,CFM,5,0,5,0,0,0
723,G3b,CFM,1,0,1,0,0,0
724,G3bH,CFM,1,1,1,1,0,0
725,G3c,CFM,2,1,2,1,0,0
726,G3cH,CFM,1,1,1,1,0,0
727,G3d,CFM,2,0,2,0,0,0
728,G3dH,CFM,1,1,1,1,0,0
729,G3t,CFM,1,1,1,1,0,0
730,G3tH,CFM,1,1,1,1,0,0
731,H01b,CFM,3,0,3,0,0,0
732,H01bH,CFM,3,1,3,1,0,0
733,H01c,CFM,3,0,3,0,0,0
734,H01cH,CFM,3,0,3,0,0,0
735,H01d,CFM,1,0,1,1,0,1
736,H01dH,CFM,1,1,1,1,0,0
737,H01t,CFM,4,0,4,0,0,0
738,H01tH,CFM,4,0,4,0,0,0
739,HFa0,CFM,2,1,2,1,0,0
740,HFa2b,CFM,5,1,5,1,0,0
741,HFa2c,CFM,5,1,5,1,0,0
742,HFa2d,CFM,5,0,5,0,0,0
743,HFa2t,CFM,5,0,5,0,0,0
744,HFa4b,CFM,2,1,2,1,0,0
745,HFa4c,CFM,2,1,2,1,0,0
746,HFa4d,CFM,2,1,2,1,0,0
747,HFa4t,CFM,2,1,2,1,0,0
748,HFa5b,CFM,2,1,2,1,0,0
749,HFa5c,CFM,2,1,2,1,0,0
750,HFa5d,CFM,2,1,2,1,0,0
751,HFa5t,CFM,2,1,2,1,0,0
752,HFb0,CFM,3,0,3,0,0,0
753,HFb3b,CFM,5,1,5,1,0,0
754,HFb3c,CFM,5,1,5,1,0,0
755,HFb3d,CFM,5,1,5,1,0,0
756,HFb3t,CFM,5,1,5,1,0,0
757,HFb4b,CFM,5,0,5,0,0,0
758,HFb4c,CFM,5,0,5,0,0,0
759,HFb4d,CFM,3,0,3,0,0,0
760,HFb4t,CFM,3,0,3,1,0,1
761,HFb5b,CFM,3,1,3,1,0,0
762,HFb5c,CFM,3,1,3,1,0,0
763,HFb5d,CFM,3,1,3,1,0,0
764,HFb5t,CFM,3,1,3,1,0,0
765,HFc0,CFM,2,1,2,1,0,0
766,HFc2b,CFM,5,1,5,1,0,0
767,HFc2c,CFM,5,1,5,1,0,0
768,HFc2d,CFM,5,1,5,1,0,0
769,HFc2t,CFM,5,1,5,1,0,0
770,HFc4b,CFM,2,1,2,1,0,0
771,HFc4c,CFM,2,1,2,1,0,0
772,HFc4d,CFM,2,1,2,1,0,0
773,HFc4t,CFM,2,1,2,1,0,0
774,HFc5b,CFM,2,1,2,1,0,0
775,HFc5c,CFM,2,1,2,1,0,0
776,HFc5d,CFM,2,1,2,1,0,0
777,HFc5t,CFM,2,1,2,1,0,0
778,HFd0,CFM,5,1,5,1,0,0
779,HFd3b,CFM,5,1,5,1,0,0
780,HFd3c,CFM,5,1,5,1,0,0
781,HFd3d,CFM,5,1,5,1,0,0
782,HFd3t,CFM,5,1,5,1,0,0
783,HFd4b,CFM,5,1,5,1,0,0
784,HFd4c,CFM,5,1,5,1,0,0
785,HFd4d,CFM,5,1,5,1,0,0
786,HFd4t,CFM,5,1,5,1,0,0
787,HFd5b,CFM,3,1,3,1,0,0
788,HFd5c,CFM,3,1,3,1,0,0
789,HFd5d,CFM,3,1,3,1,0,0
790,HFd5t,CFM,3,1,3,1,0,0
791,HFe0,CFM,2,1,2,1,0,0
792,HFe4b,CFM,2,1,2,1,0,0
793,HFe4c,CFM,2,0,2,0,0,0
794,HFe4d,CFM,2,1,2,1,0,0
795,HFe4t,CFM,2,1,2,1,0,0
796,HFf0,CFM,3,1,3,1,0,0
797,HFf3b,CFM,5,1,5,1,0,0
798,HFf3c,CFM,5,1,5,1,0,0
799,HFf3d,CFM,5,1,5,1,0,0
800,HFf3t,CFM,5,1,5,1,0,0
801,C0h,CH3,1,1,1,1,0,0
802,C1b,CH3,1,1,1,1,0,0
803,C1c,CH3,1,1,1,1,0,0
804,C1d,CH3,1,1,1,1,0,0
805,C1t,CH3,1,1,1,1,0,0
806,C2b,CH3,4,1,4,0,0,1
807,C2c,CH3,4,1,4,1,0,0
808,C2d,CH3,4,0,4,0,0,0
809,C2t,CH3,4,0,1,0,1,0
810,D0h,CH3,1,1,1,1,0,0
811,D1b,CH3,1,1,1,1,0,0
812,D1c,CH3,1,1,1,0,0,1
813,D1d,CH3,1,1,1,1,0,0
814,D1t,CH3,1,1,1,1,0,0
815,D2b,CH3,4,1,4,0,0,1
816,D2c,CH3,4,1,4,1,0,0
817,D2d,CH3,4,0,4,0,0,0
818,D2t,CH3,4,0,1,0,1,0
819,E0h,CH3,1,1,1,1,0,0
820,E1b,CH3,1,0,1,0,0,0
821,E1c,CH3,1,0,1,0,0,0
822,E1d,CH3,1,1,1,1,0,0
823,E1t,CH3,1,1,1,1,0,0
824,E2b,CH3,4,1,4,0,0,1
825,E2c,CH3,4,1,4,1,0,0
826,E2d,CH3,4,0,4,0,0,0
827,E2t,CH3,1,0,1,0,0,0
828,F0h,CH3,1,1,1,1,0,0
829,F1b,CH3,3,1,3,1,0,0
830,F1c,CH3,3,1,3,1,0,0
831,F1d,CH3,3,0,3,0,0,0
832,F1t,CH3,3,1,3,0,0,1
833,F2b,CH3,1,0,1,0,0,0
834,F2c,CH3,3,0,3,0,0,0
835,F2d,CH3,1,1,1,0,0,1
836,F2t,CH3,1,1,1,1,0,0
837,F3b,CH3,1,1,1,1,0,0
838,F3c,CH3,1,0,1,0,0,0
839,F3d,CH3,1,1,1,1,0,0
840,F3t,CH3,1,1,1,1,0,0
841,Fb0,CH3,5,0,5,0,0,0
842,Fb3b,CH3,5,1,5,1,0,0
843,Fb3c,CH3,5,1,5,1,0,0
844,Fb3d,CH3,5,0,5,0,0,0
845,Fb3t,CH3,5,1,5,1,0,0
846,Fb4b,CH3,5,1,5,1,0,0
847,Fb4c,CH3,5,1,5,1,0,0
848,Fb4d,CH3,5,0,5,1,0,1
849,Fb4t,CH3,5,0,5,0,0,0
850,Fb5b,CH3,4,0,3,0,1,0
851,Fb5c,CH3,4,1,4,1,0,0
852,Fb5d,CH3,3,1,3,1,0,0
853,Fb5t,CH3,3,1,3,1,0,0
854,Fc0,CH3,2,0,2,0,0,0
855,Fc2b,CH3,5,1,5,1,0,0
856,Fc2c,CH3,5,1,5,1,0,0
857,Fc2d,CH3,5,1,5,1,0,0
858,Fc2t,CH3,5,1,5,1,0,0
859,Fc4b,CH3,5,0,2,0,1,0
860,Fc4c,CH3,5,1,5,1,0,0
861,Fc4d,CH3,5,0,5,0,0,0
862,Fc4t,CH3,2,0,2,0,0,0
863,Fc5b,CH3,2,1,2,1,0,0
864,Fc5c,CH3,2,1,2,1,0,0
865,Fc5d,CH3,2,1,2,1,0,0
866,Fc5t,CH3,2,1,2,1,0,0
867,Fd0,CH3,5,1,5,1,0,0
868,Fd3b,CH3,5,1,5,1,0,0
869,Fd3c,CH3,5,1,5,1,0,0
870,Fd3d,CH3,5,1,5,1,0,0
871,Fd3t,CH3,5,1,5,1,0,0
872,Fd4b,CH3,5,1,5,1,0,0
873,Fd4c,CH3,5,1,5,1,0,0
874,Fd4d,CH3,5,1,5,1,0,0
875,Fd4t,CH3,5,1,5,1,0,0
876,Fd5b,CH3,3,0,3,0,0,0
877,Fd5c,CH3,4,1,4,1,0,0
878,Fd5d,CH3,3,1,3,1,0,0
879,Fd5t,CH3,3,1,3,1,0,0
880,Fe0,CH3,2,0,2,0,0,0
881,Fe2b,CH3,5,1,5,1,0,0
882,Fe2c,CH3,5,1,5,1,0,0
883,Fe2d,CH3,5,1,5,0,0,1
884,Fe2t,CH3,5,1,5,1,0,0
885,Fe4b,CH3,5,0,5,0,0,0
886,Fe4c,CH3,5,1,5,1,0,0
887,Fe4d,CH3,5,0,5,0,0,0
888,Fe4t,CH3,2,0,2,1,0,1
889,Fe5b,CH3,2,1,2,1,0,0
890,Fe5c,CH3,2,0,2,0,0,0
891,Fe5d,CH3,2,1,2,1,0,0
892,Fe5t,CH3,2,1,2,1,0,0
893,Ff0,CH3,5,1,5,1,0,0
894,Ff3b,CH3,5,1,5,1,0,0
895,Ff3c,CH3,5,1,5,1,0,0
896,Ff3d,CH3,5,1,5,1,0,0
897,Ff3t,CH3,5,1,5,1,0,0
898,Ff4b,CH3,5,1,5,1,0,0
899,Ff4c,CH3,5,1,5,1,0,0
900,Ff4d,CH3,5,1,5,1,0,0
901,Ff4t,CH3,5,1,5,1,0,0
902,Ff5b,CH3,3,0,3,0,0,0
903,Ff5c,CH3,4,1,4,1,0,0
904,Ff5d,CH3,3,1,3,1,0,0
905,Ff5t,CH3,3,1,3,1,0,0
906,G0h,CH3,1,0,1,0,0,0
907,G0hH,CH3,3,0,3,0,0,0
908,G1b,CH3,5,0,5,0,0,0
909,G1bH,CH3,3,0,3,0,0,0
910,G1c,CH3,4,0,4,0,0,0
911,G1cH,CH3,3,0,3,0,0,0
912,G1d,CH3,2,1,2,1,0,0
913,G1dH,CH3,5,0,5,0,0,0
914,G1t,CH3,5,0,5,0,0,0
915,G1tH,CH3,5,0,3,0,1,0
916,G2b,CH3,5,0,5,0,0,0
917,G2bH,CH3,5,0,5,0,0,0
918,G2c,CH3,5,0,5,0,0,0
919,G2cH,CH3,3,0,3,0,0,0
920,G2d,CH3,1,0,1,0,0,0
921,G2dH,CH3,1,0,1,0,0,0
922,G2t,CH3,5,0,5,0,0,0
923,G2tH,CH3,5,0,5,0,0,0
924,G3b,CH3,1,0,1,0,0,0
925,G3bH,CH3,1,1,1,1,0,0
926,G3c,CH3,2,0,2,1,0,1
927,G3cH,CH3,1,1,1,1,0,0
928,G3d,CH3,2,0,2,0,0,0
929,G3dH,CH3,1,1,1,1,0,0
930,G3t,CH3,1,0,1,1,0,1
931,G3tH,CH3,1,1,1,1,0,0
932,H01b,CH3,3,0,3,0,0,0
933,H01bH,CH3,3,1,3,1,0,0
934,H01c,CH3,3,0,3,0,0,0
935,H01cH,CH3,3,0,3,0,0,0
936,H01d,CH3,1,1,1,1,0,0
937,H01dH,CH3,1,1,1,1,0,0
938,H01t,CH3,4,0,4,0,0,0
939,H01tH,CH3,4,0,4,0,0,0
940,HFa0,CH3,2,1,2,1,0,0
941,HFa2b,CH3,5,1,5,1,0,0
942,HFa2c,CH3,5,1,5,1,0,0
943,HFa2d,CH3,4,0,4,0,0,0
944,HFa2t,CH3,5,0,5,0,0,0
945,HFa4b,CH3,2,1,2,1,0,0
946,HFa4c,CH3,2,1,2,1,0,0
947,HFa4d,CH3,2,1,2,1,0,0
948,HFa4t,CH3,2,1,2,1,0,0
949,HFa5b,CH3,2,1,2,1,0,0
950,HFa5c,CH3,2,1,2,1,0,0
951,HFa5d,CH3,2,1,2,1,0,0
952,HFa5t,CH3,2,1,2,1,0,0
953,HFb0,CH3,3,0,3,0,0,0
954,HFb3b,CH3,5,1,5,1,0,0
955,HFb3c,CH3,5,1,5,1,0,0
956,HFb3d,CH3,5,1,5,1,0,0
957,HFb3t,CH3,5,1,5,1,0,0
958,HFb4b,CH3,5,0,5,0,0,0
959,HFb4c,CH3,5,0,5,0,0,0
960,HFb4d,CH3,3,0,3,0,0,0
961,HFb4t,CH3,3,1,3,1,0,0
962,HFb5b,CH3,3,1,3,1,0,0
963,HFb5c,CH3,3,1,3,1,0,0
964,HFb5d,CH3,3,1,3,1,0,0
965,HFb5t,CH3,3,1,3,1,0,0
966,HFc0,CH3,2,1,2,1,0,0
967,HFc2b,CH3,5,1,5,1,0,0
968,HFc2c,CH3,5,1,5,1,0,0
969,HFc2d,CH3,5,1,5,1,0,0
970,HFc2t,CH3,5,1,5,1,0,0
971,HFc4b,CH3,2,1,2,1,0,0
972,HFc4c,CH3,2,1,2,1,0,0
973,HFc4d,CH3,2,1,2,1,0,0
974,HFc4t,CH3,2,1,2,1,0,0
975,HFc5b,CH3,2,1,2,1,0,0
976,HFc5c,CH3,2,1,2,1,0,0
977,HFc5d,CH3,2,1,2,1,0,0
978,HFc5t,CH3,2,1,2,1,0,0
979,HFd0,CH3,5,1,5,1,0,0
980,HFd3b,CH3,5,1,5,1,0,0
981,HFd3c,CH3,5,1,5,1,0,0
982,HFd3d,CH3,5,1,5,1,0,0
983,HFd3t,CH3,5,1,5,1,0,0
984,HFd4b,CH3,5,1,5,1,0,0
985,HFd4c,CH3,5,1,5,1,0,0
986,HFd4d,CH3,5,1,5,1,0,0
987,HFd4t,CH3,5,1,5,1,0,0
988,HFd5b,CH3,3,1,3,1,0,0
989,HFd5c,CH3,3,1,3,1,0,0
990,HFd5d,CH3,3,1,3,1,0,0
991,HFd5t,CH3,3,1,3,1,0,0
992,HFe0,CH3,2,1,2,1,0,0
993,HFe4b,CH3,2,1,2,1,0,0
994,HFe4c,CH3,2,1,2,0,0,1
995,HFe4d,CH3,2,1,2,1,0,0
996,HFe4t,CH3,2,1,2,1,0,0
997,HFf0,CH3,3,1,3,1,0,0
998,HFf3b,CH3,5,1,5,1,0,0
999,HFf3c,CH3,5,1,5,1,0,0
1000,HFf3d,CH3,5,1,5,1,0,0
1001,HFf3t,CH3,5,1,5,1,0,0
1002,C0h,CHF,1,1,1,1,0,0
1003,C1b,CHF,1,1,1,1,0,0
1004,C1c,CHF,1,1,1,1,0,0
1005,C1d,CHF,1,1,1,1,0,0
1006,C1t,CHF,1,1,1,1,0,0
1007,C2b,CHF,4,1,4,0,0,1
1008,C2c,CHF,4,1,4,1,0,0
1009,C2d,CHF,4,0,4,0,0,0
1010,C2t,CHF,1,0,1,0,0,0
1011,D0h,CHF,1,1,1,1,0,0
1012,D1b,CHF,1,1,1,1,0,0
1013,D1c,CHF,1,1,1,1,0,0
1014,D1d,CHF,1,1,1,1,0,0
1015,D1t,CHF,1,1,1,1,0,0
1016,D2b,CHF,4,1,4,0,0,1
1017,D2c,CHF,4,1,4,1,0,0
1018,D2d,CHF,4,0,4,0,0,0
1019,D2t,CHF,1,0,1,0,0,0
1020,E0h,CHF,1,1,1,1,0,0
1021,E1b,CHF,1,0,1,0,0,0
1022,E1c,CHF,1,0,1,0,0,0
1023,E1d,CHF,1,1,1,1,0,0
1024,E1t,CHF,1,1,1,1,0,0
1025,E2b,CHF,4,1,4,0,0,1
1026,E2c,CHF,4,1,4,1,0,0
1027,E2d,CHF,4,0,4,0,0,0
1028,E2t,CHF,1,0,1,0,0,0
1029,F0h,CHF,1,1,1,1,0,0
1030,F1b,CHF,3,1,3,1,0,0
1031,F1c,CHF,3,1,3,1,0,0
1032,F1d,CHF,3,0,3,0,0,0
1033,F1t,CHF,3,0,3,1,0,1
1034,F2b,CHF,1,0,1,0,0,0
1035,F2c,CHF,3,0,3,0,0,0
1036,F2d,CHF,1,1,1,0,0,1
1037,F2t,CHF,1,1,1,1,0,0
1038,F3b,CHF,1,1,1,1,0,0
1039,F3c,CHF,1,1,1,0,0,1
1040,F3d,CHF,1,1,1,1,0,0
1041,F3t,CHF,1,1,1,1,0,0
1042,Fb0,CHF,5,0,5,0,0,0
1043,Fb3b,CHF,5,1,5,1,0,0
1044,Fb3c,CHF,5,1,5,1,0,0
1045,Fb3d,CHF,5,0,5,0,0,0
1046,Fb3t,CHF,5,1,5,1,0,0
1047,Fb4b,CHF,5,1,5,1,0,0
1048,Fb4c,CHF,5,1,5,1,0,0
1049,Fb4d,CHF,5,1,5,1,0,0
1050,Fb4t,CHF,5,1,5,0,0,1
1051,Fb5b,CHF,3,0,3,0,0,0
1052,Fb5c,CHF,4,1,4,1,0,0
1053,Fb5d,CHF,3,1,3,1,0,0
1054,Fb5t,CHF,3,1,3,1,0,0
1055,Fc0,CHF,2,0,2,0,0,0
1056,Fc2b,CHF,5,1,5,1,0,0
1057,Fc2c,CHF,5,1,5,1,0,0
1058,Fc2d,CHF,5,1,5,1,0,0
1059,Fc2t,CHF,5,1,5,1,0,0
1060,Fc4b,CHF,5,0,2,0,1,0
1061,Fc4c,CHF,5,1,5,1,0,0
1062,Fc4d,CHF,2,0,5,0,1,0
1063,Fc4t,CHF,2,0,2,0,0,0
1064,Fc5b,CHF,2,1,2,1,0,0
1065,Fc5c,CHF,2,1,2,1,0,0
1066,Fc5d,CHF,2,1,2,1,0,0
1067,Fc5t,CHF,2,1,2,1,0,0
1068,Fd0,CHF,5,1,5,1,0,0
1069,Fd3b,CHF,5,1,5,1,0,0
1070,Fd3c,CHF,5,1,5,1,0,0
1071,Fd3d,CHF,5,1,5,1,0,0
1072,Fd3t,CHF,5,1,5,1,0,0
1073,Fd4b,CHF,5,1,5,1,0,0
1074,Fd4c,CHF,5,1,5,1,0,0
1075,Fd4d,CHF,5,1,5,1,0,0
1076,Fd4t,CHF,5,1,5,1,0,0
1077,Fd5b,CHF,3,0,3,0,0,0
1078,Fd5c,CHF,4,1,4,1,0,0
1079,Fd5d,CHF,3,1,3,1,0,0
1080,Fd5t,CHF,3,1,3,1,0,0
1081,Fe0,CHF,2,1,2,0,0,1
1082,Fe2b,CHF,5,1,5,1,0,0
1083,Fe2c,CHF,5,1,5,1,0,0
1084,Fe2d,CHF,5,0,5,1,0,1
1085,Fe2t,CHF,5,0,5,1,0,1
1086,Fe4b,CHF,5,0,2,0,1,0
1087,Fe4c,CHF,5,0,5,1,0,1
1088,Fe4d,CHF,2,0,2,0,0,0
1089,Fe4t,CHF,2,1,2,1,0,0
1090,Fe5b,CHF,2,1,2,1,0,0
1091,Fe5c,CHF,2,0,2,0,0,0
1092,Fe5d,CHF,2,1,2,1,0,0
1093,Fe5t,CHF,2,1,2,1,0,0
1094,Ff0,CHF,5,1,5,1,0,0
1095,Ff3b,CHF,5,1,5,1,0,0
1096,Ff3c,CHF,5,1,5,1,0,0
1097,Ff3d,CHF,5,1,5,1,0,0
1098,Ff3t,CHF,5,1,5,1,0,0
1099,Ff4b,CHF,5,1,5,1,0,0
1100,Ff4c,CHF,5,1,5,1,0,0
1101,Ff4d,CHF,5,1,5,1,0,0
1102,Ff4t,CHF,5,1,5,1,0,0
1103,Ff5b,CHF,3,0,3,0,0,0
1104,Ff5c,CHF,4,1,4,1,0,0
1105,Ff5d,CHF,3,1,3,1,0,0
1106,Ff5t,CHF,3,1,3,1,0,0
1107,G0h,CHF,1,0,1,0,0,0
1108,G0hH,CHF,3,0,3,0,0,0
1109,G1b,CHF,5,0,5,0,0,0
1110,G1bH,CHF,3,0,3,0,0,0
1111,G1c,CHF,4,0,4,0,0,0
1112,G1cH,CHF,3,0,3,0,0,0
1113,G1d,CHF,2,1,2,1,0,0
1114,G1dH,CHF,5,0,5,0,0,0
1115,G1t,CHF,5,0,5,0,0,0
1116,G1tH,CHF,3,0,3,0,0,0
1117,G2b,CHF,5,0,5,0,0,0
1118,G2bH,CHF,3,0,5,0,1,0
1119,G2c,CHF,1,0,5,0,1,0
1120,G2cH,CHF,3,0,3,0,0,0
1121,G2d,CHF,1,0,1,0,0,0
1122,G2dH,CHF,1,0,1,0,0,0
1123,G2t,CHF,5,0,5,0,0,0
1124,G2tH,CHF,5,0,5,0,0,0
1125,G3b,CHF,1,0,1,0,0,0
1126,G3bH,CHF,1,1,1,1,0,0
1127,G3c,CHF,2,0,2,1,0,1
1128,G3cH,CHF,1,1,1,1,0,0
1129,G3d,CHF,1,0,2,0,1,0
1130,G3dH,CHF,1,1,1,1,0,0
1131,G3t,CHF,1,1,1,1,0,0
1132,G3tH,CHF,1,1,1,1,0,0
1133,H01b,CHF,3,0,3,0,0,0
1134,H01bH,CHF,3,1,3,1,0,0
1135,H01c,CHF,3,0,3,0,0,0
1136,H01cH,CHF,3,0,3,0,0,0
1137,H01d,CHF,1,1,1,1,0,0
1138,H01dH,CHF,1,1,1,1,0,0
1139,H01t,CHF,4,0,4,0,0,0
1140,H01tH,CHF,4,0,4,1,0,1
1141,HFa0,CHF,2,1,2,1,0,0
1142,HFa2b,CHF,5,1,5,1,0,0
1143,HFa2c,CHF,5,1,5,1,0,0
1144,HFa2d,CHF,5,0,5,0,0,0
1145,HFa2t,CHF,5,0,5,0,0,0
1146,HFa4b,CHF,2,1,2,1,0,0
1147,HFa4c,CHF,2,1,2,1,0,0
1148,HFa4d,CHF,2,1,2,1,0,0
1149,HFa4t,CHF,2,1,2,1,0,0
1150,HFa5b,CHF,2,1,2,1,0,0
1151,HFa5c,CHF,2,1,2,1,0,0
1152,HFa5d,CHF,2,1,2,1,0,0
1153,HFa5t,CHF,2,1,2,1,0,0
1154,HFb0,CHF,3,0,3,0,0,0
1155,HFb3b,CHF,5,1,5,1,0,0
1156,HFb3c,CHF,5,1,5,1,0,0
1157,HFb3d,CHF,5,1,5,1,0,0
1158,HFb3t,CHF,5,1,5,1,0,0
1159,HFb4b,CHF,3,0,5,0,1,0
1160,HFb4c,CHF,5,0,5,0,0,0
1161,HFb4d,CHF,5,0,3,0,1,0
1162,HFb4t,CHF,3,0,3,1,0,1
1163,HFb5b,CHF,3,1,3,1,0,0
1164,HFb5c,CHF,3,1,3,1,0,0
1165,HFb5d,CHF,3,1,3,1,0,0
1166,HFb5t,CHF,3,1,3,1,0,0
1167,HFc0,CHF,2,1,2,1,0,0
1168,HFc2b,CHF,5,1,5,1,0,0
1169,HFc2c,CHF,5,1,5,1,0,0
1170,HFc2d,CHF,5,1,5,1,0,0
1171,HFc2t,CHF,5,1,5,1,0,0
1172,HFc4b,CHF,2,1,2,1,0,0
1173,HFc4c,CHF,2,0,2,1,0,1
1174,HFc4d,CHF,2,1,2,1,0,0
1175,HFc4t,CHF,2,1,2,1,0,0
1176,HFc5b,CHF,2,1,2,1,0,0
1177,HFc5c,CHF,2,1,2,1,0,0
1178,HFc5d,CHF,2,1,2,1,0,0
1179,HFc5t,CHF,2,1,2,1,0,0
1180,HFd0,CHF,5,1,5,1,0,0
1181,HFd3b,CHF,5,1,5,1,0,0
1182,HFd3c,CHF,5,1,5,1,0,0
1183,HFd3d,CHF,5,1,5,1,0,0
1184,HFd3t,CHF,5,1,5,1,0,0
1185,HFd4b,CHF,5,1,5,1,0,0
1186,HFd4c,CHF,5,1,5,1,0,0
1187,HFd4d,CHF,5,1,5,1,0,0
1188,HFd4t,CHF,5,1,5,1,0,0
1189,HFd5b,CHF,3,1,3,1,0,0
1190,HFd5c,CHF,3,1,3,1,0,0
1191,HFd5d,CHF,3,1,3,1,0,0
1192,HFd5t,CHF,3,1,3,1,0,0
1193,HFe0,CHF,2,1,2,1,0,0
1194,HFe4b,CHF,2,1,2,1,0,0
1195,HFe4c,CHF,2,1,2,0,0,1
1196,HFe4d,CHF,2,1,2,1,0,0
1197,HFe4t,CHF,2,1,2,1,0,0
1198,HFf0,CHF,3,1,3,1,0,0
1199,HFf3b,CHF,5,1,5,1,0,0
1200,HFf3c,CHF,5,1,5,1,0,0
1201,HFf3d,CHF,5,1,5,1,0,0
1202,HFf3t,CHF,5,1,5,1,0,0
1203,C0h,Et0,1,1,1,1,0,0
1204,C1b,Et0,1,1,1,1,0,0
1205,C1c,Et0,1,1,1,1,0,0
1206,C1d,Et0,1,1,1,1,0,0
1207,C1t,Et0,1,1,1,1,0,0
1208,C2b,Et0,4,1,4,0,0,1
1209,C2c,Et0,4,1,4,1,0,0
1210,C2d,Et0,4,0,4,0,0,0
1211,C2t,Et0,1,0,1,0,0,0
1212,D0h,Et0,1,1,1,1,0,0
1213,D1b,Et0,1,1,1,1,0,0
1214,D1c,Et0,1,0,1,1,0,1
1215,D1d,Et0,1,1,1,1,0,0
1216,D1t,Et0,1,1,1,1,0,0
1217,D2b,Et0,4,1,4,0,0,1
1218,D2c,Et0,4,1,4,1,0,0
1219,D2d,Et0,4,0,4,0,0,0
1220,D2t,Et0,1,0,1,1,0,1
1221,E0h,Et0,1,1,1,1,0,0
1222,E1b,Et0,1,1,1,1,0,0
1223,E1c,Et0,1,0,1,0,0,0
1224,E1d,Et0,1,1,1,1,0,0
1225,E1t,Et0,1,1,1,1,0,0
1226,E2b,Et0,4,0,4,0,0,0
1227,E2c,Et0,4,1,4,1,0,0
1228,E2d,Et0,1,0,4,0,1,0
1229,E2t,Et0,1,0,1,1,0,1
1230,F0h,Et0,1,1,1,1,0,0
1231,F1b,Et0,3,1,3,1,0,0
1232,F1c,Et0,3,1,3,1,0,0
1233,F1d,Et0,3,0,3,0,0,0
1234,F1t,Et0,3,1,3,1,0,0
1235,F2b,Et0,1,0,1,0,0,0
1236,F2c,Et0,3,0,3,1,0,1
1237,F2d,Et0,1,1,1,1,0,0
1238,F2t,Et0,1,1,1,1,0,0
1239,F3b,Et0,1,1,1,1,0,0
1240,F3c,Et0,1,1,1,1,0,0
1241,F3d,Et0,1,1,1,1,0,0
1242,F3t,Et0,1,1,1,1,0,0
1243,Fb0,Et0,5,0,5,1,0,1
1244,Fb3b,Et0,5,1,5,1,0,0
1245,Fb3c,Et0,5,1,5,1,0,0
1246,Fb3d,Et0,5,1,5,1,0,0
1247,Fb3t,Et0,5,1,5,1,0,0
1248,Fb4b,Et0,5,1,5,1,0,0
1249,Fb4c,Et0,5,1,5,1,0,0
1250,Fb4d,Et0,5,0,5,0,0,0
1251,Fb4t,Et0,5,0,5,0,0,0
1252,Fb5b,Et0,3,0,3,0,0,0
1253,Fb5c,Et0,4,1,4,1,0,0
1254,Fb5d,Et0,3,1,3,1,0,0
1255,Fb5t,Et0,3,1,3,1,0,0
1256,Fc0,Et0,2,1,2,0,0,1
1257,Fc2b,Et0,5,1,5,1,0,0
1258,Fc2c,Et0,5,1,5,1,0,0
1259,Fc2d,Et0,5,1,5,1,0,0
1260,Fc2t,Et0,5,1,5,1,0,0
1261,Fc4b,Et0,5,0,2,0,1,0
1262,Fc4c,Et0,5,1,5,1,0,0
1263,Fc4d,Et0,2,0,2,0,0,0
1264,Fc4t,Et0,2,1,2,1,0,0
1265,Fc5b,Et0,2,1,2,1,0,0
1266,Fc5c,Et0,2,1,2,1,0,0
1267,Fc5d,Et0,2,1,2,1,0,0
1268,Fc5t,Et0,2,1,2,1,0,0
1269,Fd0,Et0,5,1,5,1,0,0
1270,Fd3b,Et0,5,1,5,1,0,0
1271,Fd3c,Et0,5,1,5,1,0,0
1272,Fd3d,Et0,5,1,5,1,0,0
1273,Fd3t,Et0,5,1,5,1,0,0
1274,Fd4b,Et0,5,1,5,1,0,0
1275,Fd4c,Et0,5,1,5,1,0,0
1276,Fd4d,Et0,5,1,5,1,0,0
1277,Fd4t,Et0,5,1,5,1,0,0
1278,Fd5b,Et0,3,0,4,0,1,0
1279,Fd5c,Et0,4,1,4,1,0,0
1280,Fd5d,Et0,3,1,3,1,0,0
1281,Fd5t,Et0,3,1,3,1,0,0
1282,Fe0,Et0,2,1,2,0,0,1
1283,Fe2b,Et0,5,1,5,1,0,0
1284,Fe2c,Et0,5,1,5,1,0,0
1285,Fe2d,Et0,5,1,5,1,0,0
1286,Fe2t,Et0,5,1,5,1,0,0
1287,Fe4b,Et0,2,0,2,0,0,0
1288,Fe4c,Et0,5,1,5,1,0,0
1289,Fe4d,Et0,2,0,2,0,0,0
1290,Fe4t,Et0,2,1,2,1,0,0
1291,Fe5b,Et0,2,1,2,1,0,0
1292,Fe5c,Et0,2,0,2,0,0,0
1293,Fe5d,Et0,2,1,2,1,0,0
1294,Fe5t,Et0,2,1,2,1,0,0
1295,Ff0,Et0,5,1,5,1,0,0
1296,Ff3b,Et0,5,1,5,1,0,0
1297,Ff3c,Et0,5,1,5,1,0,0
1298,Ff3d,Et0,5,1,5,1,0,0
1299,Ff3t,Et0,5,1,5,1,0,0
1300,Ff4b,Et0,5,1,5,1,0,0
1301,Ff4c,Et0,5,1,5,1,0,0
1302,Ff4d,Et0,5,1,5,1,0,0
1303,Ff4t,Et0,5,1,5,1,0,0
1304,Ff5b,Et0,3,0,3,0,0,0
1305,Ff5c,Et0,4,1,4,1,0,0
1306,Ff5d,Et0,3,1,3,1,0,0
1307,Ff5t,Et0,3,1,3,1,0,0
1308,G0h,Et0,1,0,1,0,0,0
1309,G0hH,Et0,3,0,3,0,0,0
1310,G1b,Et0,5,0,4,0,1,0
1311,G1bH,Et0,3,0,3,0,0,0
1312,G1c,Et0,4,0,4,0,0,0
1313,G1cH,Et0,3,0,3,0,0,0
1314,G1d,Et0,2,1,2,1,0,0
1315,G1dH,Et0,5,0,5,0,0,0
1316,G1t,Et0,5,0,5,0,0,0
1317,G1tH,Et0,5,0,3,0,1,0
1318,G2b,Et0,5,0,5,0,0,0
1319,G2bH,Et0,5,0,5,0,0,0
1320,G2c,Et0,3,0,3,0,0,0
1321,G2cH,Et0,3,0,3,0,0,0
1322,G2d,Et0,1,0,1,0,0,0
1323,G2dH,Et0,1,0,1,0,0,0
1324,G2t,Et0,5,0,5,0,0,0
1325,G2tH,Et0,5,0,5,0,0,0
1326,G3b,Et0,1,0,1,0,0,0
1327,G3bH,Et0,1,1,1,1,0,0
1328,G3c,Et0,2,1,2,1,0,0
1329,G3cH,Et0,1,1,1,1,0,0
1330,G3d,Et0,1,0,2,0,1,0
1331,G3dH,Et0,1,1,1,1,0,0
1332,G3t,Et0,1,0,1,1,0,1
1333,G3tH,Et0,1,1,1,1,0,0
1334,H01b,Et0,3,0,3,0,0,0
1335,H01bH,Et0,3,1,3,1,0,0
1336,H01c,Et0,3,0,3,0,0,0
1337,H01cH,Et0,3,0,3,0,0,0
1338,H01d,Et0,1,1,1,1,0,0
1339,H01dH,Et0,4,0,1,1,1,1
1340,H01t,Et0,4,0,4,0,0,0
1341,H01tH,Et0,4,0,4,1,0,1
1342,HFa0,Et0,2,1,2,1,0,0
1343,HFa2b,Et0,5,1,5,1,0,0
1344,HFa2c,Et0,5,1,5,1,0,0
1345,HFa2d,Et0,5,0,5,0,0,0
1346,HFa2t,Et0,5,0,5,0,0,0
1347,HFa4b,Et0,2,1,2,1,0,0
1348,HFa4c,Et0,2,1,2,1,0,0
1349,HFa4d,Et0,2,1,2,1,0,0
1350,HFa4t,Et0,2,1,2,1,0,0
1351,HFa5b,Et0,2,1,2,1,0,0
1352,HFa5c,Et0,2,1,2,1,0,0
1353,HFa5d,Et0,2,1,2,1,0,0
1354,HFa5t,Et0,2,1,2,1,0,0
1355,HFb0,Et0,3,0,3,0,0,0
1356,HFb3b,Et0,5,1,5,1,0,0
1357,HFb3c,Et0,5,1,5,1,0,0
1358,HFb3d,Et0,5,1,5,1,0,0
1359,HFb3t,Et0,5,1,5,1,0,0
1360,HFb4b,Et0,5,0,5,0,0,0
1361,HFb4d,Et0,3,0,3,0,0,0
1362,HFb4t,Et0,3,1,3,1,0,0
1363,HFb5b,Et0,3,1,3,1,0,0
1364,HFb5c,Et0,3,1,3,1,0,0
1365,HFb5d,Et0,3,1,3,1,0,0
1366,HFb5t,Et0,3,1,3,1,0,0
1367,HFc0,Et0,2,1,2,1,0,0
1368,HFc2b,Et0,5,1,5,1,0,0
1369,HFc2c,Et0,5,1,5,1,0,0
1370,HFc2d,Et0,5,1,5,1,0,0
1371,HFc2t,Et0,5,1,5,1,0,0
1372,HFc4d,Et0,2,1,2,1,0,0
1373,HFc4t,Et0,2,1,2,1,0,0
1374,HFc5d,Et0,2,1,2,1,0,0
1375,HFc5t,Et0,2,1,2,1,0,0
1376,HFd0,Et0,5,1,5,1,0,0
1377,HFd3d,Et0,5,1,5,1,0,0
1378,HFd3t,Et0,5,1,5,1,0,0
1379,HFd4d,Et0,5,1,5,1,0,0
1380,HFd4t,Et0,5,1,5,1,0,0
1381,HFd5b,Et0,3,1,3,1,0,0
1382,HFd5c,Et0,3,1,3,1,0,0
1383,HFd5d,Et0,3,1,3,1,0,0
1384,HFd5t,Et0,3,1,3,1,0,0
1385,HFe0,Et0,2,1,2,1,0,0
1386,HFe4b,Et0,2,1,2,1,0,0
1387,HFe4c,Et0,2,1,2,1,0,0
1388,HFe4d,Et0,2,1,2,1,0,0
1389,HFe4t,Et0,2,1,2,1,0,0
1390,HFf0,Et0,3,1,3,1,0,0
1391,HFf3b,Et0,5,1,5,1,0,0
1392,HFf3c,Et0,5,1,5,1,0,0
1393,HFf3d,Et0,5,1,5,1,0,0
1394,HFf3t,Et0,5,1,5,1,0,0
1395,C0h,MF3,1,1,1,1,0,0
1396,C1b,MF3,1,1,1,1,0,0
1397,C1c,MF3,1,1,1,1,0,0
1398,C1d,MF3,1,1,1,1,0,0
1399,C1t,MF3,1,1,1,1,0,0
1400,C2b,MF3,4,0,4,0,0,0
1401,C2c,MF3,4,1,4,1,0,0
1402,C2d,MF3,4,1,4,0,0,1
1403,C2t,MF3,1,0,4,0,1,0
1404,D0h,MF3,1,1,1,1,0,0
1405,D1b,MF3,1,1,1,1,0,0
1406,D1c,MF3,1,1,1,0,0,1
1407,D1d,MF3,1,1,1,1,0,0
1408,D1t,MF3,1,1,1,1,0,0
1409,D2b,MF3,4,0,4,0,0,0
1410,D2c,MF3,4,1,4,1,0,0
1411,D2d,MF3,4,1,4,0,0,1
1412,D2t,MF3,4,0,4,0,0,0
1413,E0h,MF3,1,1,1,1,0,0
1414,E1b,MF3,1,0,1,0,0,0
1415,E1c,MF3,1,0,1,0,0,0
1416,E1d,MF3,1,1,1,1,0,0
1417,E1t,MF3,1,1,1,1,0,0
1418,E2b,MF3,4,0,4,0,0,0
1419,E2c,MF3,4,1,4,1,0,0
1420,E2d,MF3,4,0,4,0,0,0
1421,E2t,MF3,1,1,1,0,0,1
1422,F0h,MF3,1,0,1,0,0,0
1423,F1b,MF3,3,0,3,1,0,1
1424,F1c,MF3,3,1,3,1,0,0
1425,F1d,MF3,3,0,3,0,0,0
1426,F1t,MF3,3,0,3,0,0,0
1427,F2b,MF3,3,0,1,0,1,0
1428,F2c,MF3,3,0,3,0,0,0
1429,F2d,MF3,3,0,1,0,1,0
1430,F2t,MF3,1,0,1,1,0,1
1431,F3b,MF3,1,1,1,1,0,0
1432,F3c,MF3,1,0,1,0,0,0
1433,F3d,MF3,1,0,1,1,0,1
1434,F3t,MF3,1,1,1,1,0,0
1435,Fb0,MF3,5,0,5,0,0,0
1436,Fb3b,MF3,5,1,5,1,0,0
1437,Fb3c,MF3,5,1,5,1,0,0
1438,Fb3d,MF3,4,0,5,0,1,0
1439,Fb3t,MF3,5,1,5,1,0,0
1440,Fb4b,MF3,5,1,5,1,0,0
1441,Fb4c,MF3,5,1,5,1,0,0
1442,Fb4d,MF3,5,1,5,1,0,0
1443,Fb4t,MF3,5,0,5,0,0,0
1444,Fb5b,MF3,4,0,4,0,0,0
1445,Fb5c,MF3,4,1,4,1,0,0
1446,Fb5d,MF3,3,0,3,1,0,1
1447,Fb5t,MF3,3,0,3,1,0,1
1448,Fc0,MF3,5,0,2,0,1,0
1449,Fc2b,MF3,5,1,5,1,0,0
1450,Fc2c,MF3,5,1,5,1,0,0
1451,Fc2d,MF3,5,1,5,1,0,0
1452,Fc2t,MF3,5,1,5,1,0,0
1453,Fc4b,MF3,5,0,5,0,0,0
1454,Fc4c,MF3,5,1,5,1,0,0
1455,Fc4d,MF3,5,1,5,1,0,0
1456,Fc4t,MF3,5,0,2,0,1,0
1457,Fc5b,MF3,2,1,2,1,0,0
1458,Fc5c,MF3,2,1,2,1,0,0
1459,Fc5d,MF3,2,1,2,1,0,0
1460,Fc5t,MF3,2,1,2,1,0,0
1461,Fd0,MF3,5,1,5,1,0,0
1462,Fd3b,MF3,5,1,5,1,0,0
1463,Fd3c,MF3,5,1,5,1,0,0
1464,Fd3d,MF3,5,1,5,1,0,0
1465,Fd3t,MF3,5,1,5,1,0,0
1466,Fd4b,MF3,5,1,5,1,0,0
1467,Fd4c,MF3,5,1,5,1,0,0
1468,Fd4d,MF3,5,1,5,1,0,0
1469,Fd4t,MF3,5,1,5,1,0,0
1470,Fd5b,MF3,4,0,4,0,0,0
1471,Fd5c,MF3,4,1,4,1,0,0
1472,Fd5d,MF3,3,0,3,1,0,1
1473,Fd5t,MF3,3,0,3,0,0,0
1474,Fe0,MF3,2,0,2,0,0,0
1475,Fe2b,MF3,5,1,5,1,0,0
1476,Fe2c,MF3,5,1,5,1,0,0
1477,Fe2d,MF3,5,0,5,1,0,1
1478,Fe2t,MF3,5,1,5,1,0,0
1479,Fe4b,MF3,5,0,5,0,0,0
1480,Fe4c,MF3,5,1,5,1,0,0
1481,Fe4d,MF3,5,1,5,0,0,1
1482,Fe4t,MF3,2,0,2,0,0,0
1483,Fe5b,MF3,2,1,2,1,0,0
1484,Fe5c,MF3,2,0,2,0,0,0
1485,Fe5d,MF3,2,1,2,1,0,0
1486,Fe5t,MF3,2,1,2,1,0,0
1487,Ff0,MF3,5,0,5,1,0,1
1488,Ff3b,MF3,5,1,5,1,0,0
1489,Ff3c,MF3,5,0,5,1,0,1
1490,Ff3d,MF3,5,0,5,1,0,1
1491,Ff3t,MF3,5,1,5,1,0,0
1492,Ff4b,MF3,5,1,5,1,0,0
1493,Ff4c,MF3,5,1,5,1,0,0
1494,Ff4d,MF3,5,1,5,1,0,0
1495,Ff4t,MF3,5,1,5,1,0,0
1496,Ff5b,MF3,4,0,3,0,1,0
1497,Ff5c,MF3,4,1,4,1,0,0
1498,Ff5d,MF3,3,1,3,1,0,0
1499,Ff5t,MF3,3,1,3,0,0,1
1500,G0h,MF3,1,0,1,0,0,0
1501,G0hH,MF3,3,0,3,0,0,0
1502,G1b,MF3,4,0,4,0,0,0
1503,G1bH,MF3,3,0,3,0,0,0
1504,G1c,MF3,4,0,4,0,0,0
1505,G1cH,MF3,3,0,3,0,0,0
1506,G1d,MF3,2,1,2,1,0,0
1507,G1dH,MF3,5,0,5,0,0,0
1508,G1t,MF3,5,0,5,0,0,0
1509,G1tH,MF3,3,0,3,0,0,0
1510,G2b,MF3,5,0,5,0,0,0
1511,G2bH,MF3,5,0,3,0,1,0
1512,G2c,MF3,5,0,3,0,1,0
1513,G2cH,MF3,3,0,3,0,0,0
1514,G2d,MF3,1,1,1,0,0,1
1515,G2dH,MF3,1,0,1,0,0,0
1516,G2t,MF3,5,0,5,0,0,0
1517,G2tH,MF3,5,0,5,0,0,0
1518,G3b,MF3,1,0,1,0,0,0
1519,G3bH,MF3,1,1,1,1,0,0
1520,G3c,MF3,2,1,2,0,0,1
1521,G3cH,MF3,1,0,1,0,0,0
1522,G3d,MF3,2,0,2,0,0,0
1523,G3dH,MF3,2,0,1,0,1,0
1524,G3t,MF3,1,1,1,0,0,1
1525,G3tH,MF3,1,1,1,1,0,0
1526,H01b,MF3,3,0,3,0,0,0
1527,H01bH,MF3,3,1,3,1,0,0
1528,H01c,MF3,3,0,3,0,0,0
1529,H01cH,MF3,3,0,3,0,0,0
1530,H01d,MF3,1,1,1,0,0,1
1531,H01dH,MF3,1,1,1,1,0,0
1532,H01t,MF3,3,0,4,0,1,0
1533,H01tH,MF3,4,0,4,1,0,1
1534,HFa0,MF3,2,1,2,1,0,0
1535,HFa2b,MF3,5,1,5,1,0,0
1536,HFa2c,MF3,5,1,5,1,0,0
1537,HFa2d,MF3,5,0,4,0,1,0
1538,HFa2t,MF3,5,0,5,0,0,0
1539,HFa4b,MF3,2,1,2,1,0,0
1540,HFa4c,MF3,2,0,2,1,0,1
1541,HFa4d,MF3,2,1,2,1,0,0
1542,HFa4t,MF3,2,1,2,1,0,0
1543,HFa5b,MF3,2,1,2,1,0,0
1544,HFa5c,MF3,2,1,2,1,0,0
1545,HFa5d,MF3,2,1,2,1,0,0
1546,HFa5t,MF3,2,1,2,1,0,0
1547,HFb0,MF3,3,0,3,0,0,0
1548,HFb3b,MF3,5,1,5,1,0,0
1549,HFb3c,MF3,5,1,5,1,0,0
1550,HFb3d,MF3,5,1,5,1,0,0
1551,HFb3t,MF3,5,1,5,1,0,0
1552,HFb4b,MF3,5,0,5,0,0,0
1553,HFb4c,MF3,5,0,5,0,0,0
1554,HFb4d,MF3,5,0,3,0,1,0
1555,HFb4t,MF3,3,0,3,0,0,0
1556,HFb5b,MF3,3,1,3,1,0,0
1557,HFb5c,MF3,3,1,3,1,0,0
1558,HFb5d,MF3,3,1,3,1,0,0
1559,HFb5t,MF3,3,1,3,1,0,0
1560,HFc0,MF3,2,0,2,1,0,1
1561,HFc2b,MF3,5,1,5,1,0,0
1562,HFc2c,MF3,5,1,5,1,0,0
1563,HFc2d,MF3,5,1,5,1,0,0
1564,HFc2t,MF3,5,1,5,1,0,0
1565,HFc4b,MF3,2,1,2,1,0,0
1566,HFc4c,MF3,2,0,2,0,0,0
1567,HFc4d,MF3,5,0,2,0,1,0
1568,HFc4t,MF3,2,1,2,1,0,0
1569,HFc5b,MF3,2,1,2,1,0,0
1570,HFc5c,MF3,2,1,2,1,0,0
1571,HFc5d,MF3,2,1,2,1,0,0
1572,HFc5t,MF3,2,1,2,1,0,0
1573,HFd0,MF3,5,1,5,1,0,0
1574,HFd3b,MF3,5,1,5,1,0,0
1575,HFd3c,MF3,5,1,5,1,0,0
1576,HFd3d,MF3,5,1,5,1,0,0
1577,HFd3t,MF3,5,1,5,1,0,0
1578,HFd4b,MF3,5,1,5,1,0,0
1579,HFd4c,MF3,5,1,5,1,0,0
1580,HFd4d,MF3,5,1,5,1,0,0
1581,HFd4t,MF3,5,1,5,1,0,0
1582,HFd5b,MF3,3,1,3,1,0,0
1583,HFd5c,MF3,3,0,3,1,0,1
1584,HFd5d,MF3,3,1,3,1,0,0
1585,HFd5t,MF3,3,1,3,1,0,0
1586,HFe0,MF3,2,1,2,1,0,0
1587,HFe4b,MF3,2,1,2,1,0,0
1588,HFe4c,MF3,2,0,2,0,0,0
1589,HFe4d,MF3,2,0,2,0,0,0
1590,HFe4t,MF3,2,1,2,1,0,0
1591,HFf0,MF3,3,1,3,1,0,0
1592,HFf3b,MF3,5,1,5,1,0,0
1593,HFf3c,MF3,5,0,5,1,0,1
1594,HFf3d,MF3,5,1,5,1,0,0
1595,HFf3t,MF3,5,1,5,1,0,0
1596,C0h,Ph0,1,1,1,1,0,0
1597,C1b,Ph0,1,1,1,1,0,0
1598,C1c,Ph0,1,1,1,1,0,0
1599,C1d,Ph0,1,1,1,1,0,0
1600,C1t,Ph0,1,1,1,1,0,0
1601,C2b,Ph0,4,0,4,0,0,0
1602,C2c,Ph0,4,1,4,1,0,0
1603,C2d,Ph0,4,0,4,1,0,1
1604,C2t,Ph0,4,0,1,0,1,0
1605,D0h,Ph0,1,1,1,1,0,0
1606,D1b,Ph0,1,0,1,1,0,1
1607,D1c,Ph0,1,0,1,0,0,0
1608,D1d,Ph0,1,1,1,1,0,0
1609,D1t,Ph0,1,1,1,1,0,0
1610,D2b,Ph0,4,0,4,0,0,0
1611,D2c,Ph0,4,1,4,1,0,0
1612,D2d,Ph0,4,0,4,0,0,0
1613,D2t,Ph0,4,0,1,0,1,0
1614,E0h,Ph0,1,1,1,1,0,0
1615,E1b,Ph0,1,0,1,0,0,0
1616,E1c,Ph0,3,0,1,0,1,0
1617,E1d,Ph0,1,1,1,1,0,0
1618,E1t,Ph0,3,0,2,0,1,0
1619,E2b,Ph0,4,0,4,0,0,0
1620,E2c,Ph0,4,1,4,1,0,0
1621,E2d,Ph0,4,0,4,0,0,0
1622,E2t,Ph0,4,0,1,0,1,0
1623,F0h,Ph0,1,0,1,0,0,0
1624,F1b,Ph0,3,1,3,1,0,0
1625,F1c,Ph0,3,1,3,1,0,0
1626,F1d,Ph0,3,1,3,0,0,1
1627,F1t,Ph0,3,0,3,0,0,0
1628,F2b,Ph0,3,0,1,0,1,0
1629,F2c,Ph0,3,0,3,0,0,0
1630,F2d,Ph0,1,0,1,0,0,0
1631,F2t,Ph0,1,0,1,0,0,0
1632,F3b,Ph0,1,1,1,1,0,0
1633,F3c,Ph0,1,0,1,0,0,0
1634,F3d,Ph0,1,1,1,1,0,0
1635,F3t,Ph0,1,1,1,1,0,0
1636,Fb0,Ph0,5,0,5,0,0,0
1637,Fb3b,Ph0,5,1,5,1,0,0
1638,Fb3c,Ph0,5,1,5,1,0,0
1639,Fb3d,Ph0,5,0,5,0,0,0
1640,Fb3t,Ph0,5,1,5,1,0,0
1641,Fb4b,Ph0,5,0,5,1,0,1
1642,Fb4c,Ph0,5,1,5,1,0,0
1643,Fb4d,Ph0,5,0,5,0,0,0
1644,Fb4t,Ph0,5,1,5,0,0,1
1645,Fb5b,Ph0,4,0,4,0,0,0
1646,Fb5c,Ph0,4,0,4,1,0,1
1647,Fb5d,Ph0,3,0,3,1,0,1
1648,Fb5t,Ph0,3,0,3,0,0,0
1649,Fc0,Ph0,2,0,2,0,0,0
1650,Fc2b,Ph0,5,1,5,1,0,0
1651,Fc2c,Ph0,5,1,5,1,0,0
1652,Fc2d,Ph0,5,1,5,1,0,0
1653,Fc2t,Ph0,5,1,5,1,0,0
1654,Fc4b,Ph0,5,0,5,0,0,0
1655,Fc4c,Ph0,5,1,5,1,0,0
1656,Fc4d,Ph0,5,1,5,0,0,1
1657,Fc4t,Ph0,5,0,2,0,1,0
1658,Fc5b,Ph0,2,1,2,1,0,0
1659,Fc5c,Ph0,2,1,2,1,0,0
1660,Fc5d,Ph0,2,1,2,1,0,0
1661,Fc5t,Ph0,2,1,2,1,0,0
1662,Fd0,Ph0,5,1,5,1,0,0
1663,Fd3b,Ph0,5,1,5,1,0,0
1664,Fd3c,Ph0,5,1,5,1,0,0
1665,Fd3d,Ph0,5,1,5,1,0,0
1666,Fd3t,Ph0,5,1,5,1,0,0
1667,Fd4b,Ph0,5,1,5,1,0,0
1668,Fd4c,Ph0,5,1,5,1,0,0
1669,Fd4d,Ph0,5,1,5,1,0,0
1670,Fd4t,Ph0,5,1,5,1,0,0
1671,Fd5b,Ph0,4,0,4,0,0,0
1672,Fd5c,Ph0,4,1,4,1,0,0
1673,Fd5d,Ph0,3,1,3,1,0,0
1674,Fd5t,Ph0,3,0,3,0,0,0
1675,Fe0,Ph0,2,0,2,0,0,0
1676,Fe2b,Ph0,5,1,5,1,0,0
1677,Fe2c,Ph0,5,1,5,1,0,0
1678,Fe2d,Ph0,5,0,5,1,0,1
1679,Fe2t,Ph0,5,1,5,1,0,0
1680,Fe4b,Ph0,5,0,5,0,0,0
1681,Fe4c,Ph0,5,1,5,1,0,0
1682,Fe4d,Ph0,5,0,5,0,0,0
1683,Fe4t,Ph0,5,0,2,0,1,0
1684,Fe5b,Ph0,2,1,2,1,0,0
1685,Fe5c,Ph0,2,0,2,0,0,0
1686,Fe5d,Ph0,2,1,2,1,0,0
1687,Fe5t,Ph0,2,0,2,1,0,1
1688,Ff0,Ph0,5,1,5,1,0,0
1689,Ff3b,Ph0,5,1,5,1,0,0
1690,Ff3c,Ph0,5,0,5,1,0,1
1691,Ff3d,Ph0,5,0,5,1,0,1
1692,Ff3t,Ph0,5,1,5,1,0,0
1693,Ff4b,Ph0,5,1,5,1,0,0
1694,Ff4c,Ph0,5,1,5,1,0,0
1695,Ff4d,Ph0,5,1,5,1,0,0
1696,Ff4t,Ph0,5,1,5,1,0,0
1697,Ff5b,Ph0,4,0,3,0,1,0
1698,Ff5c,Ph0,4,1,4,1,0,0
1699,Ff5d,Ph0,3,0,3,1,0,1
1700,Ff5t,Ph0,4,0,3,0,1,0
1701,G0h,Ph0,2,0,3,0,1,0
1702,G0hH,Ph0,3,0,3,0,0,0
1703,G1b,Ph0,3,0,4,0,1,0
1704,G1bH,Ph0,3,0,3,0,0,0
1705,G1c,Ph0,4,0,4,0,0,0
1706,G1cH,Ph0,5,1,5,0,0,1
1707,G1d,Ph0,2,1,2,1,0,0
1708,G1dH,Ph0,5,0,5,0,0,0
1709,G1t,Ph0,3,0,5,0,1,0
1710,G1tH,Ph0,5,0,3,0,1,0
1711,G2b,Ph0,3,0,3,0,0,0
1712,G2bH,Ph0,3,0,5,0,1,0
1713,G2c,Ph0,3,0,3,0,0,0
1714,G2cH,Ph0,5,0,5,0,0,0
1715,G2d,Ph0,3,0,1,0,1,0
1716,G2dH,Ph0,1,0,1,0,0,0
1717,G2t,Ph0,1,0,4,0,1,0
1718,G2tH,Ph0,3,0,5,0,1,0
1719,G3b,Ph0,2,0,2,0,0,0
1720,G3bH,Ph0,1,1,1,1,0,0
1721,G3c,Ph0,2,1,2,1,0,0
1722,G3cH,Ph0,1,1,1,1,0,0
1723,G3d,Ph0,2,1,2,0,0,1
1724,G3dH,Ph0,1,0,1,0,0,0
1725,G3t,Ph0,2,0,1,0,1,0
1726,G3tH,Ph0,1,1,1,1,0,0
1727,H01b,Ph0,3,0,3,0,0,0
1728,H01c,Ph0,3,0,3,0,0,0
1729,H01d,Ph0,1,0,1,0,0,0
1730,H01dH,Ph0,1,0,1,0,0,0
1731,H01t,Ph0,1,0,1,0,0,0
1732,H01tH,Ph0,4,0,4,1,0,1
1733,HFa0,Ph0,2,1,2,1,0,0
1734,HFa2b,Ph0,5,1,5,1,0,0
1735,HFa2c,Ph0,5,1,5,1,0,0
1736,HFa2d,Ph0,5,0,4,0,1,0
1737,HFa2t,Ph0,5,0,5,0,0,0
1738,HFa4b,Ph0,2,1,2,1,0,0
1739,HFa4d,Ph0,2,1,2,1,0,0
1740,HFa4t,Ph0,2,1,2,1,0,0
1741,HFa5d,Ph0,2,1,2,1,0,0
1742,HFa5t,Ph0,2,1,2,1,0,0
1743,HFb0,Ph0,3,0,3,0,0,0
1744,HFb3b,Ph0,5,1,5,1,0,0
1745,HFb3d,Ph0,5,0,5,1,0,1
1746,HFb3t,Ph0,5,1,5,1,0,0
1747,HFb4b,Ph0,3,0,3,0,0,0
1748,HFb4d,Ph0,3,0,3,0,0,0
1749,HFb4t,Ph0,3,0,3,1,0,1
1750,HFb5d,Ph0,3,1,3,1,0,0
1751,HFb5t,Ph0,3,1,3,1,0,0
1752,HFc0,Ph0,5,1,5,1,0,0
1753,HFc2b,Ph0,5,1,5,1,0,0
1754,HFc2c,Ph0,5,1,5,1,0,0
1755,HFc2d,Ph0,5,1,5,1,0,0
1756,HFc2t,Ph0,5,1,5,1,0,0
1757,HFc4b,Ph0,2,1,2,1,0,0
1758,HFc4t,Ph0,2,1,2,1,0,0
1759,HFc5t,Ph0,2,1,2,1,0,0
1760,HFd0,Ph0,3,1,3,1,0,0
1761,HFd3d,Ph0,5,1,5,1,0,0
1762,HFd3t,Ph0,5,1,5,1,0,0
1763,HFd4d,Ph0,5,1,5,1,0,0
1764,HFd4t,Ph0,5,1,5,1,0,0
1765,HFd5d,Ph0,3,1,3,1,0,0
1766,HFd5t,Ph0,3,1,3,1,0,0
1767,HFe0,Ph0,2,1,2,1,0,0
1768,HFe4b,Ph0,2,1,2,1,0,0
1769,HFe4c,Ph0,2,0,2,0,0,0
1770,HFe4d,Ph0,2,0,2,1,0,1
1771,HFe4t,Ph0,2,1,2,1,0,0
1772,HFf0,Ph0,3,1,3,1,0,0
1773,HFf3b,Ph0,5,1,5,1,0,0
1774,HFf3c,Ph0,5,1,5,1,0,0
1775,HFf3d,Ph0,5,1,5,1,0,0
1776,HFf3t,Ph0,5,1,5,1,0,0
1777,C0h,Py0,1,1,1,1,0,0
1778,C1b,Py0,1,1,1,1,0,0
1779,C1c,Py0,1,1,1,1,0,0
1780,C1d,Py0,1,1,1,1,0,0
1781,C1t,Py0,1,1,1,1,0,0
1782,C2b,Py0,4,0,4,0,0,0
1783,C2c,Py0,4,1,4,1,0,0
1784,C2d,Py0,4,1,4,1,0,0
1785,C2t,Py0,4,0,1,0,1,0
1786,D0h,Py0,1,1,1,1,0,0
1787,D1b,Py0,1,0,1,1,0,1
1788,D1c,Py0,1,0,1,0,0,0
1789,D1d,Py0,1,1,1,1,0,0
1790,D1t,Py0,1,1,1,1,0,0
1791,D2b,Py0,4,0,4,0,0,0
1792,D2c,Py0,4,1,4,1,0,0
1793,D2d,Py0,4,1,4,0,0,1
1794,D2t,Py0,4,0,1,0,1,0
1795,E0h,Py0,1,1,1,1,0,0
1796,E1b,Py0,1,0,1,0,0,0
1797,E1c,Py0,3,0,1,0,1,0
1798,E1d,Py0,1,0,1,1,0,1
1799,E1t,Py0,1,0,1,1,0,1
1800,E2b,Py0,4,0,4,0,0,0
1801,E2c,Py0,4,1,4,1,0,0
1802,E2d,Py0,4,0,4,0,0,0
1803,E2t,Py0,4,0,1,0,1,0
1804,F0h,Py0,1,0,1,0,0,0
1805,F1b,Py0,3,1,3,1,0,0
1806,F1c,Py0,3,1,3,1,0,0
1807,F1d,Py0,3,1,3,0,0,1
1808,F1t,Py0,3,0,3,0,0,0
1809,F2b,Py0,3,0,1,0,1,0
1810,F2c,Py0,3,0,3,0,0,0
1811,F2d,Py0,3,0,1,0,1,0
1812,F2t,Py0,1,0,1,0,0,0
1813,F3b,Py0,1,1,1,1,0,0
1814,F3c,Py0,1,0,1,0,0,0
1815,F3d,Py0,1,0,1,1,0,1
1816,F3t,Py0,1,0,1,1,0,1
1817,Fb0,Py0,5,0,5,0,0,0
1818,Fb3b,Py0,5,1,5,1,0,0
1819,Fb3c,Py0,5,1,5,1,0,0
1820,Fb3d,Py0,4,0,5,0,1,0
1821,Fb3t,Py0,5,1,5,1,0,0
1822,Fb4b,Py0,5,0,5,1,0,1
1823,Fb4c,Py0,5,1,5,1,0,0
1824,Fb4d,Py0,5,0,5,0,0,0
1825,Fb4t,Py0,5,0,5,0,0,0
1826,Fb5b,Py0,4,0,4,0,0,0
1827,Fb5c,Py0,4,1,4,1,0,0
1828,Fb5d,Py0,3,0,3,0,0,0
1829,Fb5t,Py0,3,0,3,0,0,0
1830,Fc0,Py0,5,0,2,0,1,0
1831,Fc2b,Py0,5,1,5,1,0,0
1832,Fc2c,Py0,5,1,5,1,0,0
1833,Fc2d,Py0,5,1,5,1,0,0
1834,Fc2t,Py0,5,1,5,1,0,0
1835,Fc4b,Py0,5,0,5,0,0,0
1836,Fc4c,Py0,5,1,5,1,0,0
1837,Fc4d,Py0,5,1,5,1,0,0
1838,Fc4t,Py0,5,0,5,0,0,0
1839,Fc5b,Py0,2,1,2,1,0,0
1840,Fc5c,Py0,2,1,2,1,0,0
1841,Fc5d,Py0,2,1,2,1,0,0
1842,Fc5t,Py0,2,1,2,1,0,0
1843,Fd0,Py0,5,1,5,1,0,0
1844,Fd3b,Py0,5,1,5,1,0,0
1845,Fd3c,Py0,5,1,5,1,0,0
1846,Fd3d,Py0,5,1,5,1,0,0
1847,Fd3t,Py0,5,1,5,1,0,0
1848,Fd4b,Py0,5,1,5,1,0,0
1849,Fd4c,Py0,5,1,5,1,0,0
1850,Fd4d,Py0,5,1,5,1,0,0
1851,Fd4t,Py0,5,1,5,1,0,0
1852,Fd5b,Py0,4,0,4,0,0,0
1853,Fd5c,Py0,4,1,4,1,0,0
1854,Fd5d,Py0,3,0,3,1,0,1
1855,Fd5t,Py0,3,0,3,0,0,0
1856,Fe0,Py0,5,0,2,0,1,0
1857,Fe2b,Py0,5,1,5,1,0,0
1858,Fe2c,Py0,5,1,5,1,0,0
1859,Fe2d,Py0,5,0,5,1,0,1
1860,Fe2t,Py0,5,1,5,1,0,0
1861,Fe4b,Py0,5,0,5,0,0,0
1862,Fe4c,Py0,5,1,5,1,0,0
1863,Fe4d,Py0,5,1,5,0,0,1
1864,Fe4t,Py0,5,0,2,0,1,0
1865,Fe5b,Py0,2,1,2,0,0,1
1866,Fe5c,Py0,4,0,2,0,1,0
1867,Fe5d,Py0,2,0,2,1,0,1
1868,Fe5t,Py0,2,0,2,1,0,1
1869,Ff0,Py0,5,1,5,1,0,0
1870,Ff3b,Py0,5,1,5,1,0,0
1871,Ff3c,Py0,5,0,5,0,0,0
1872,Ff3d,Py0,5,0,5,0,0,0
1873,Ff3t,Py0,5,0,5,1,0,1
1874,Ff4b,Py0,5,1,5,1,0,0
1875,Ff4c,Py0,5,1,5,1,0,0
1876,Ff4d,Py0,5,1,5,1,0,0
1877,Ff4t,Py0,5,1,5,1,0,0
1878,Ff5b,Py0,4,0,3,0,1,0
1879,Ff5c,Py0,4,1,4,1,0,0
1880,Ff5d,Py0,3,0,3,1,0,1
1881,Ff5t,Py0,4,0,3,0,1,0
1882,G0h,Py0,3,0,3,0,0,0
1883,G0hH,Py0,3,0,3,0,0,0
1884,G1b,Py0,4,0,3,0,1,0
1885,G1bH,Py0,3,0,3,0,0,0
1886,G1c,Py0,4,0,4,0,0,0
1887,G1cH,Py0,3,0,3,0,0,0
1888,G1d,Py0,2,1,2,1,0,0
1889,G1dH,Py0,5,0,5,0,0,0
1890,G1t,Py0,2,0,3,0,1,0
1891,G1tH,Py0,5,0,3,0,1,0
1892,G2b,Py0,3,0,3,0,0,0
1893,G2bH,Py0,3,0,3,0,0,0
1894,G2c,Py0,3,0,3,0,0,0
1895,G2cH,Py0,3,0,3,0,0,0
1896,G2d,Py0,1,0,1,0,0,0
1897,G2dH,Py0,1,0,1,0,0,0
1898,G2t,Py0,1,0,4,0,1,0
1899,G2tH,Py0,1,0,5,0,1,0
1900,G3b,Py0,2,0,2,0,0,0
1901,G3bH,Py0,1,1,1,1,0,0
1902,G3c,Py0,2,1,2,1,0,0
1903,G3cH,Py0,1,0,1,0,0,0
1904,G3d,Py0,2,0,2,0,0,0
1905,G3dH,Py0,1,0,1,0,0,0
1906,G3t,Py0,2,0,1,0,1,0
1907,G3tH,Py0,1,1,1,1,0,0
1908,H01b,Py0,3,0,3,0,0,0
1909,H01bH,Py0,4,1,3,1,1,0
1910,H01c,Py0,3,0,3,0,0,0
1911,H01cH,Py0,3,1,3,0,0,1
1912,H01d,Py0,1,1,1,0,0,1
1913,H01dH,Py0,1,0,1,0,0,0
1914,H01t,Py0,1,0,1,0,0,0
1915,H01tH,Py0,4,0,4,0,0,0
1916,HFa0,Py0,2,1,2,1,0,0
1917,HFa2b,Py0,5,0,5,1,0,1
1918,HFa2c,Py0,5,1,5,1,0,0
1919,HFa2d,Py0,5,0,5,0,0,0
1920,HFa2t,Py0,5,0,5,0,0,0
1921,HFa4b,Py0,2,1,2,1,0,0
1922,HFa4c,Py0,2,1,2,1,0,0
1923,HFa4d,Py0,2,1,2,1,0,0
1924,HFa4t,Py0,2,1,2,1,0,0
1925,HFa5b,Py0,2,1,2,1,0,0
1926,HFa5c,Py0,2,1,2,1,0,0
1927,HFa5d,Py0,2,1,2,1,0,0
1928,HFa5t,Py0,2,1,2,1,0,0
1929,HFb0,Py0,3,0,3,0,0,0
1930,HFb3b,Py0,5,1,5,1,0,0
1931,HFb3c,Py0,5,1,5,1,0,0
1932,HFb3d,Py0,5,0,5,1,0,1
1933,HFb3t,Py0,5,1,5,1,0,0
1934,HFb4b,Py0,3,0,5,0,1,0
1935,HFb4c,Py0,5,0,5,0,0,0
1936,HFb4d,Py0,3,0,3,0,0,0
1937,HFb4t,Py0,3,0,3,0,0,0
1938,HFb5b,Py0,3,1,3,1,0,0
1939,HFb5c,Py0,3,1,3,1,0,0
1940,HFb5d,Py0,3,1,3,1,0,0
1941,HFb5t,Py0,3,1,3,1,0,0
1942,HFc0,Py0,2,1,2,1,0,0
1943,HFc2b,Py0,5,1,5,1,0,0
1944,HFc2c,Py0,5,1,5,1,0,0
1945,HFc2d,Py0,5,1,5,1,0,0
1946,HFc4b,Py0,2,1,2,1,0,0
1947,HFc4d,Py0,2,0,2,0,0,0
1948,HFc4t,Py0,2,1,2,1,0,0
1949,HFc5d,Py0,2,1,2,1,0,0
1950,HFc5t,Py0,2,1,2,1,0,0
1951,HFd0,Py0,5,1,5,1,0,0
1952,HFd3b,Py0,5,1,5,1,0,0
1953,HFd3d,Py0,5,1,5,1,0,0
1954,HFd3t,Py0,5,1,5,1,0,0
1955,HFd4d,Py0,5,1,5,1,0,0
1956,HFd4t,Py0,5,1,5,1,0,0
1957,HFd5b,Py0,3,1,3,1,0,0
1958,HFd5c,Py0,3,1,3,1,0,0
1959,HFd5d,Py0,3,1,3,1,0,0
1960,HFd5t,Py0,3,1,3,1,0,0
1961,HFe0,Py0,2,1,2,1,0,0
1962,HFe4b,Py0,2,1,2,1,0,0
1963,HFe4c,Py0,2,0,5,0,1,0
1964,HFe4d,Py0,2,0,2,0,0,0
1965,HFe4t,Py0,2,1,2,1,0,0
1966,HFf0,Py0,3,1,3,1,0,0
1967,HFf3b,Py0,5,1,5,1,0,0
1968,HFf3c,Py0,5,1,5,1,0,0
1969,HFf3d,Py0,5,1,5,1,0,0
1970,HFf3t,Py0,5,1,5,1,0,0
1971,C0h,TF3,1,1,1,1,0,0
1972,C1b,TF3,1,1,1,1,0,0
1973,C1c,TF3,1,1,1,1,0,0
1974,C1d,TF3,1,1,1,1,0,0
1975,C1t,TF3,1,1,1,1,0,0
1976,C2b,TF3,4,0,4,0,0,0
1977,C2c,TF3,4,1,4,1,0,0
1978,C2d,TF3,4,0,4,0,0,0
1979,C2t,TF3,1,0,1,0,0,0
1980,D0h,TF3,1,1,1,1,0,0
1981,D1b,TF3,1,1,1,1,0,0
1982,D1c,TF3,1,0,1,1,0,1
1983,D1d,TF3,1,1,1,1,0,0
1984,D1t,TF3,1,1,1,1,0,0
1985,D2b,TF3,4,0,4,1,0,1
1986,D2c,TF3,4,1,4,1,0,0
1987,D2d,TF3,4,0,4,0,0,0
1988,D2t,TF3,1,0,1,0,0,0
1989,E0h,TF3,1,1,1,1,0,0
1990,E1b,TF3,1,0,1,0,0,0
1991,E1c,TF3,1,0,1,0,0,0
1992,E1d,TF3,1,1,1,1,0,0
1993,E1t,TF3,1,1,1,1,0,0
1994,E2b,TF3,4,0,4,0,0,0
1995,E2c,TF3,4,1,4,1,0,0
1996,E2d,TF3,4,0,4,0,0,0
1997,E2t,TF3,1,0,1,0,0,0
1998,F0h,TF3,1,1,1,0,0,1
1999,F1b,TF3,3,1,3,1,0,0
2000,F1c,TF3,3,1,3,1,0,0
2001,F1d,TF3,3,0,3,0,0,0
2002,F1t,TF3,3,1,3,0,0,1
2003,F2b,TF3,1,0,1,0,0,0
2004,F2c,TF3,3,0,3,0,0,0
2005,F2d,TF3,1,0,1,0,0,0
2006,F2t,TF3,1,1,1,1,0,0
2007,F3b,TF3,1,1,1,1,0,0
2008,F3c,TF3,1,0,1,0,0,0
2009,F3d,TF3,1,1,1,1,0,0
2010,F3t,TF3,1,1,1,1,0,0
2011,Fb0,TF3,5,0,5,0,0,0
2012,Fb3b,TF3,5,1,5,1,0,0
2013,Fb3c,TF3,5,1,5,1,0,0
2014,Fb3d,TF3,5,0,5,0,0,0
2015,Fb3t,TF3,5,1,5,1,0,0
2016,Fb4b,TF3,5,1,5,1,0,0
2017,Fb4c,TF3,5,1,5,1,0,0
2018,Fb4d,TF3,5,0,5,1,0,1
2019,Fb4t,TF3,5,0,5,0,0,0
2020,Fb5b,TF3,3,0,3,0,0,0
2021,Fb5c,TF3,4,1,4,1,0,0
2022,Fb5d,TF3,3,1,3,1,0,0
2023,Fb5t,TF3,3,1,3,1,0,0
2024,Fc0,TF3,2,1,2,0,0,1
2025,Fc2b,TF3,5,1,5,1,0,0
2026,Fc2c,TF3,5,1,5,1,0,0
2027,Fc2d,TF3,5,1,5,1,0,0
2028,Fc2t,TF3,5,1,5,1,0,0
2029,Fc4b,TF3,2,0,5,0,1,0
2030,Fc4c,TF3,5,1,5,1,0,0
2031,Fc4d,TF3,5,0,5,0,0,0
2032,Fc4t,TF3,2,0,2,0,0,0
2033,Fc5b,TF3,2,1,2,1,0,0
2034,Fc5c,TF3,2,1,2,1,0,0
2035,Fc5d,TF3,2,1,2,1,0,0
2036,Fc5t,TF3,2,1,2,1,0,0
2037,Fd0,TF3,5,1,5,1,0,0
2038,Fd3b,TF3,5,1,5,1,0,0
2039,Fd3c,TF3,5,1,5,1,0,0
2040,Fd3d,TF3,5,1,5,1,0,0
2041,Fd3t,TF3,5,1,5,1,0,0
2042,Fd4b,TF3,5,1,5,1,0,0
2043,Fd4c,TF3,5,1,5,1,0,0
2044,Fd4d,TF3,5,1,5,1,0,0
2045,Fd4t,TF3,5,1,5,1,0,0
2046,Fd5b,TF3,3,0,4,0,1,0
2047,Fd5c,TF3,4,1,4,1,0,0
2048,Fd5d,TF3,3,1,3,1,0,0
2049,Fd5t,TF3,3,1,3,1,0,0
2050,Fe0,TF3,2,0,2,0,0,0
2051,Fe2b,TF3,5,1,5,1,0,0
2052,Fe2c,TF3,5,1,5,1,0,0
2053,Fe2d,TF3,5,1,5,1,0,0
2054,Fe4b,TF3,2,0,5,0,1,0
2055,Fe4c,TF3,5,1,5,1,0,0
2056,Fe4d,TF3,5,0,5,0,0,0
2057,Fe4t,TF3,2,1,2,0,0,1
2058,Fe5b,TF3,2,1,2,1,0,0
2059,Fe5c,TF3,2,0,2,0,0,0
2060,Fe5d,TF3,2,1,2,1,0,0
2061,Fe5t,TF3,2,1,2,1,0,0
2062,Ff0,TF3,5,1,5,1,0,0
2063,Ff3b,TF3,5,1,5,1,0,0
2064,Ff3c,TF3,5,1,5,1,0,0
2065,Ff3d,TF3,5,1,5,1,0,0
2066,Ff3t,TF3,5,1,5,1,0,0
2067,Ff4b,TF3,5,1,5,1,0,0
2068,Ff4c,TF3,5,1,5,1,0,0
2069,Ff4d,TF3,5,1,5,1,0,0
2070,Ff4t,TF3,5,1,5,1,0,0
2071,Ff5b,TF3,3,0,3,0,0,0
2072,Ff5c,TF3,4,1,4,1,0,0
2073,Ff5d,TF3,3,1,3,1,0,0
2074,Ff5t,TF3,3,1,3,1,0,0
2075,G0h,TF3,1,0,1,0,0,0
2076,G0hH,TF3,3,0,3,0,0,0
2077,G1b,TF3,4,0,5,0,1,0
2078,G1bH,TF3,3,0,3,0,0,0
2079,G1c,TF3,4,0,4,0,0,0
2080,G1cH,TF3,3,0,3,0,0,0
2081,G1d,TF3,2,0,2,1,0,1
2082,G1dH,TF3,5,0,5,0,0,0
2083,G1t,TF3,5,0,5,0,0,0
2084,G1tH,TF3,5,0,5,0,0,0
2085,G2b,TF3,5,0,5,0,0,0
2086,G2bH,TF3,5,0,5,0,0,0
2087,G2c,TF3,5,0,5,0,0,0
2088,G2cH,TF3,5,0,3,0,1,0
2089,G2d,TF3,1,0,1,0,0,0
2090,G2dH,TF3,1,0,1,0,0,0
2091,G2t,TF3,5,0,5,0,0,0
2092,G2tH,TF3,5,0,5,0,0,0
2093,G3b,TF3,1,0,1,0,0,0
2094,G3bH,TF3,1,1,1,1,0,0
2095,G3c,TF3,2,1,2,1,0,0
2096,G3cH,TF3,1,1,1,1,0,0
2097,G3d,TF3,2,0,2,0,0,0
2098,G3dH,TF3,1,1,1,1,0,0
2099,G3t,TF3,1,0,1,1,0,1
2100,G3tH,TF3,1,1,1,1,0,0
2101,H01b,TF3,3,0,3,0,0,0
2102,H01bH,TF3,3,1,3,1,0,0
2103,H01c,TF3,3,0,3,0,0,0
2104,H01cH,TF3,3,0,3,0,0,0
2105,H01d,TF3,1,0,1,1,0,1
2106,H01dH,TF3,1,1,1,1,0,0
2107,H01t,TF3,4,0,4,0,0,0
2108,H01tH,TF3,4,1,4,0,0,1
2109,HFa0,TF3,2,1,2,1,0,0
2110,HFa2b,TF3,5,1,5,1,0,0
2111,HFa2c,TF3,5,1,5,1,0,0
2112,HFa2d,TF3,4,0,5,0,1,0
2113,HFa2t,TF3,5,0,5,0,0,0
2114,HFa4b,TF3,2,1,2,1,0,0
2115,HFa4c,TF3,2,1,2,1,0,0
2116,HFa4d,TF3,2,1,2,1,0,0
2117,HFa4t,TF3,2,1,2,1,0,0
2118,HFa5b,TF3,2,1,2,1,0,0
2119,HFa5c,TF3,2,1,2,1,0,0
2120,HFa5d,TF3,2,1,2,1,0,0
2121,HFa5t,TF3,2,1,2,1,0,0
2122,HFb0,TF3,3,0,3,0,0,0
2123,HFb3b,TF3,5,1,5,1,0,0
2124,HFb3c,TF3,5,1,5,1,0,0
2125,HFb3d,TF3,5,1,5,1,0,0
2126,HFb3t,TF3,5,1,5,1,0,0
2127,HFb4b,TF3,5,0,5,0,0,0
2128,HFb4c,TF3,5,0,5,0,0,0
2129,HFb4d,TF3,3,0,3,0,0,0
2130,HFb4t,TF3,3,1,3,1,0,0
2131,HFb5b,TF3,3,1,3,1,0,0
2132,HFb5c,TF3,3,1,3,1,0,0
2133,HFb5d,TF3,3,1,3,1,0,0
2134,HFb5t,TF3,3,1,3,1,0,0
2135,HFc0,TF3,2,1,2,1,0,0
2136,HFc2b,TF3,5,1,5,1,0,0
2137,HFc2c,TF3,5,1,5,1,0,0
2138,HFc2d,TF3,5,1,5,1,0,0
2139,HFc2t,TF3,5,1,5,1,0,0
2140,HFc4b,TF3,2,1,2,1,0,0
2141,HFc4c,TF3,2,1,2,0,0,1
2142,HFc4d,TF3,2,1,2,1,0,0
2143,HFc4t,TF3,2,1,2,1,0,0
2144,HFc5b,TF3,2,1,2,1,0,0
2145,HFc5c,TF3,2,1,2,1,0,0
2146,HFc5d,TF3,2,1,2,1,0,0
2147,HFc5t,TF3,2,1,2,1,0,0
2148,HFd0,TF3,5,1,5,1,0,0
2149,HFd3b,TF3,5,1,5,1,0,0
2150,HFd3c,TF3,5,1,5,1,0,0
2151,HFd3d,TF3,5,1,5,1,0,0
2152,HFd3t,TF3,5,1,5,1,0,0
2153,HFd4b,TF3,5,1,5,1,0,0
2154,HFd4c,TF3,5,1,5,1,0,0
2155,HFd4d,TF3,5,1,5,1,0,0
2156,HFd4t,TF3,5,1,5,1,0,0
2157,HFd5b,TF3,3,1,3,1,0,0
2158,HFd5c,TF3,3,1,3,1,0,0
2159,HFd5d,TF3,3,1,3,1,0,0
2160,HFd5t,TF3,3,1,3,1,0,0
2161,HFe0,TF3,2,1,2,1,0,0
2162,HFe4b,TF3,2,1,2,1,0,0
2163,HFe4c,TF3,5,0,2,0,1,0
2164,HFe4d,TF3,2,1,2,1,0,0
2165,HFe4t,TF3,2,1,2,1,0,0
2166,HFf0,TF3,3,1,3,1,0,0
2167,HFf3b,TF3,5,1,5,1,0,0
2168,HFf3c,TF3,5,1,5,1,0,0
2169,HFf3d,TF3,5,1,5,1,0,0
2170,HFf3t,TF3,5,1,5,1,0,0
2171,C0h,ipr,1,1,1,1,0,0
2172,C1b,ipr,1,1,1,1,0,0
2173,C1c,ipr,1,1,1,1,0,0
2174,C1d,ipr,1,1,1,1,0,0
2175,C1t,ipr,1,1,1,1,0,0
2176,C2b,ipr,4,0,4,1,0,1
2177,C2c,ipr,4,1,4,1,0,0
2178,C2d,ipr,4,0,4,0,0,0
2179,C2t,ipr,1,1,1,0,0,1
2180,D0h,ipr,1,1,1,1,0,0
2181,D1b,ipr,1,1,1,1,0,0
2182,D1c,ipr,1,1,1,1,0,0
2183,D1d,ipr,1,1,1,1,0,0
2184,D1t,ipr,1,1,1,1,0,0
2185,D2b,ipr,4,0,4,0,0,0
2186,D2c,ipr,4,1,4,1,0,0
2187,D2d,ipr,1,0,4,0,1,0
2188,D2t,ipr,1,1,1,0,0,1
2189,E0h,ipr,1,1,1,1,0,0
2190,E1b,ipr,1,1,1,1,0,0
2191,E1c,ipr,1,0,1,0,0,0
2192,E1d,ipr,1,1,1,1,0,0
2193,E1t,ipr,1,1,1,1,0,0
2194,E2b,ipr,4,0,4,0,0,0
2195,E2c,ipr,4,1,4,1,0,0
2196,E2d,ipr,4,0,4,0,0,0
2197,E2t,ipr,1,1,1,1,0,0
2198,F0h,ipr,1,1,1,1,0,0
2199,F1b,ipr,3,1,3,1,0,0
2200,F1c,ipr,3,1,3,1,0,0
2201,F1d,ipr,3,0,3,0,0,0
2202,F1t,ipr,3,1,3,1,0,0
2203,F2b,ipr,1,1,1,1,0,0
2204,F2c,ipr,3,1,3,1,0,0
2205,F2d,ipr,1,1,1,1,0,0
2206,F2t,ipr,1,1,1,1,0,0
2207,F3b,ipr,1,1,1,1,0,0
2208,F3c,ipr,1,0,1,1,0,1
2209,F3d,ipr,1,1,1,1,0,0
2210,F3t,ipr,1,1,1,1,0,0
2211,Fb0,ipr,5,1,5,1,0,0
2212,Fb3b,ipr,5,1,5,1,0,0
2213,Fb3c,ipr,5,1,5,1,0,0
2214,Fb3d,ipr,5,1,5,1,0,0
2215,Fb3t,ipr,5,1,5,1,0,0
2216,Fb4b,ipr,5,1,5,1,0,0
2217,Fb4c,ipr,5,1,5,1,0,0
2218,Fb4d,ipr,3,0,5,1,1,1
2219,Fb4t,ipr,3,1,5,1,1,0
2220,Fb5b,ipr,3,0,3,0,0,0
2221,Fb5c,ipr,4,1,4,1,0,0
2222,Fb5d,ipr,3,1,3,1,0,0
2223,Fb5t,ipr,3,1,3,1,0,0
2224,Fc0,ipr,2,1,2,1,0,0
2225,Fc2b,ipr,5,1,5,1,0,0
2226,Fc2c,ipr,5,1,5,1,0,0
2227,Fc2d,ipr,5,1,5,1,0,0
2228,Fc2t,ipr,5,1,5,1,0,0
2229,Fc4b,ipr,2,0,2,0,0,0
2230,Fc4c,ipr,5,1,5,1,0,0
2231,Fc4d,ipr,2,0,2,0,0,0
2232,Fc4t,ipr,2,1,2,1,0,0
2233,Fc5b,ipr,2,1,2,1,0,0
2234,Fc5c,ipr,2,1,2,1,0,0
2235,Fc5d,ipr,2,1,2,1,0,0
2236,Fc5t,ipr,2,1,2,1,0,0
2237,Fd0,ipr,5,1,5,1,0,0
2238,Fd3b,ipr,5,1,5,1,0,0
2239,Fd3c,ipr,5,1,5,1,0,0
2240,Fd3d,ipr,5,1,5,1,0,0
2241,Fd3t,ipr,5,1,5,1,0,0
2242,Fd4b,ipr,5,1,5,1,0,0
2243,Fd4c,ipr,5,1,5,1,0,0
2244,Fd4d,ipr,5,1,5,1,0,0
2245,Fd4t,ipr,5,1,5,1,0,0
2246,Fd5b,ipr,4,0,4,0,0,0
2247,Fd5c,ipr,4,1,4,1,0,0
2248,Fd5d,ipr,3,1,3,1,0,0
2249,Fd5t,ipr,3,1,3,1,0,0
2250,Fe0,ipr,2,1,2,0,0,1
2251,Fe2b,ipr,5,1,5,1,0,0
2252,Fe2c,ipr,5,1,5,1,0,0
2253,Fe2d,ipr,5,1,5,1,0,0
2254,Fe2t,ipr,5,1,5,1,0,0
2255,Fe4b,ipr,2,0,5,0,1,0
2256,Fe4c,ipr,5,1,5,1,0,0
2257,Fe4d,ipr,2,0,2,0,0,0
2258,Fe4t,ipr,2,1,2,1,0,0
2259,Fe5b,ipr,2,1,2,1,0,0
2260,Fe5c,ipr,2,0,2,0,0,0
2261,Fe5d,ipr,2,1,2,1,0,0
2262,Fe5t,ipr,2,1,2,1,0,0
2263,Ff0,ipr,5,1,5,1,0,0
2264,Ff3b,ipr,5,1,5,1,0,0
2265,Ff3c,ipr,5,1,5,1,0,0
2266,Ff3d,ipr,5,1,5,1,0,0
2267,Ff3t,ipr,5,1,5,1,0,0
2268,Ff4b,ipr,5,1,5,1,0,0
2269,Ff4c,ipr,5,1,5,1,0,0
2270,Ff4d,ipr,5,1,5,1,0,0
2271,Ff4t,ipr,5,1,5,1,0,0
2272,Ff5b,ipr,3,0,3,0,0,0
2273,Ff5c,ipr,4,1,4,1,0,0
2274,Ff5d,ipr,3,1,3,1,0,0
2275,Ff5t,ipr,3,1,3,1,0,0
2276,G0h,ipr,3,0,3,0,0,0
2277,G0hH,ipr,3,0,3,0,0,0
2278,G1b,ipr,4,0,3,0,1,0
2279,G1bH,ipr,3,0,3,0,0,0
2280,G1c,ipr,4,0,4,0,0,0
2281,G1cH,ipr,3,0,3,0,0,0
2282,G1d,ipr,2,1,2,1,0,0
2283,G1dH,ipr,5,0,5,0,0,0
2284,G1t,ipr,5,0,5,0,0,0
2285,G1tH,ipr,3,0,3,0,0,0
2286,G2b,ipr,3,0,5,0,1,0
2287,G2bH,ipr,5,0,5,0,0,0
2288,G2c,ipr,3,0,3,0,0,0
2289,G2cH,ipr,5,0,3,0,1,0
2290,G2d,ipr,1,0,1,0,0,0
2291,G2dH,ipr,1,0,1,0,0,0
2292,G2t,ipr,5,0,5,0,0,0
2293,G2tH,ipr,5,0,5,1,0,1
2294,G3b,ipr,1,0,1,0,0,0
2295,G3bH,ipr,1,1,1,1,0,0
2296,G3c,ipr,2,1,2,1,0,0
2297,G3cH,ipr,1,1,1,1,0,0
2298,G3d,ipr,1,0,2,0,1,0
2299,G3dH,ipr,1,1,1,1,0,0
2300,G3t,ipr,1,1,1,1,0,0
2301,G3tH,ipr,1,1,1,1,0,0
2302,H01b,ipr,3,0,3,0,0,0
2303,H01bH,ipr,3,1,3,1,0,0
2304,H01c,ipr,3,0,3,0,0,0
2305,H01cH,ipr,4,0,3,0,1,0
2306,H01d,ipr,1,0,1,1,0,1
2307,H01dH,ipr,4,0,1,0,1,0
2308,H01t,ipr,4,0,4,0,0,0
2309,H01tH,ipr,4,1,4,1,0,0
2310,HFa0,ipr,2,1,2,1,0,0
2311,HFa2b,ipr,5,1,5,1,0,0
2312,HFa2c,ipr,5,1,5,1,0,0
2313,HFa2d,ipr,5,0,5,0,0,0
2314,HFa2t,ipr,5,0,5,0,0,0
2315,HFa4d,ipr,2,1,2,1,0,0
2316,HFa4t,ipr,2,1,2,1,0,0
2317,HFa5d,ipr,2,1,2,1,0,0
2318,HFa5t,ipr,2,1,2,1,0,0
2319,HFb0,ipr,3,0,3,0,0,0
2320,HFb3b,ipr,5,1,5,1,0,0
2321,HFb3c,ipr,5,1,5,1,0,0
2322,HFb3d,ipr,5,1,5,1,0,0
2323,HFb3t,ipr,5,1,5,1,0,0
2324,HFb4b,ipr,5,0,5,0,0,0
2325,HFb4d,ipr,3,1,3,0,0,1
2326,HFb4t,ipr,3,1,3,1,0,0
2327,HFb5b,ipr,3,1,3,1,0,0
2328,HFb5c,ipr,3,1,3,1,0,0
2329,HFb5d,ipr,3,1,3,1,0,0
2330,HFb5t,ipr,3,1,3,1,0,0
2331,HFc0,ipr,5,1,5,1,0,0
2332,HFc2b,ipr,5,1,5,1,0,0
2333,HFc2c,ipr,5,1,5,1,0,0
2334,HFc2d,ipr,5,1,5,1,0,0
2335,HFc2t,ipr,5,1,5,1,0,0
2336,HFc4d,ipr,2,1,2,1,0,0
2337,HFc5t,ipr,2,1,2,1,0,0
2338,HFd0,ipr,3,1,3,1,0,0
2339,HFd3d,ipr,5,1,5,1,0,0
2340,HFd3t,ipr,5,1,5,1,0,0
2341,HFd4t,ipr,5,0,5,1,0,1
2342,HFd5b,ipr,3,1,3,1,0,0
2343,HFd5c,ipr,3,1,3,1,0,0
2344,HFd5d,ipr,3,1,3,1,0,0
2345,HFd5t,ipr,3,1,3,1,0,0
2346,HFe0,ipr,2,1,2,1,0,0
2347,HFe4b,ipr,2,1,2,1,0,0
2348,HFe4c,ipr,2,1,2,1,0,0
2349,HFe4d,ipr,2,1,2,1,0,0
2350,HFe4t,ipr,2,1,2,1,0,0
2351,HFf0,ipr,3,1,3,1,0,0
2352,HFf3b,ipr,5,1,5,1,0,0
2353,HFf3c,ipr,5,1,5,1,0,0
2354,HFf3d,ipr,5,1,5,1,0,0
2355,HFf3t,ipr,5,1,5,1,0,0
2356,C0h,tBu,1,1,1,1,0,0
2357,C1b,tBu,1,1,1,1,0,0
2358,C1c,tBu,1,1,1,1,0,0
2359,C1d,tBu,1,1,1,1,0,0
2360,C1t,tBu,1,1,1,1,0,0
2361,C2b,tBu,4,1,4,1,0,0
2362,C2c,tBu,4,1,4,1,0,0
2363,C2d,tBu,1,0,4,0,1,0
2364,C2t,tBu,1,1,1,0,0,1
2365,D0h,tBu,1,1,1,1,0,0
2366,D1b,tBu,1,1,1,1,0,0
2367,D1c,tBu,1,0,1,1,0,1
2368,D1d,tBu,1,1,1,1,0,0
2369,D1t,tBu,1,1,1,1,0,0
2370,D2b,tBu,4,0,4,0,0,0
2371,D2c,tBu,4,1,4,1,0,0
2372,D2d,tBu,1,0,4,0,1,0
2373,D2t,tBu,1,1,1,1,0,0
2374,E0h,tBu,1,1,1,1,0,0
2375,E1b,tBu,1,1,1,1,0,0
2376,E1c,tBu,1,0,1,0,0,0
2377,E1d,tBu,1,1,1,1,0,0
2378,E1t,tBu,1,1,1,1,0,0
2379,E2b,tBu,4,0,1,0,1,0
2380,E2c,tBu,4,1,4,1,0,0
2381,E2d,tBu,1,0,4,0,1,0
2382,E2t,tBu,1,1,1,1,0,0
2383,F0h,tBu,1,1,1,1,0,0
2384,F1b,tBu,3,1,3,1,0,0
2385,F1c,tBu,3,1,3,1,0,0
2386,F1d,tBu,3,1,3,0,0,1
2387,F1t,tBu,3,1,3,1,0,0
2388,F2b,tBu,1,1,1,1,0,0
2389,F2c,tBu,3,1,3,1,0,0
2390,F2d,tBu,1,1,1,1,0,0
2391,F2t,tBu,1,1,1,1,0,0
2392,F3b,tBu,1,1,1,1,0,0
2393,F3c,tBu,1,1,1,1,0,0
2394,F3d,tBu,1,1,1,1,0,0
2395,F3t,tBu,1,1,1,1,0,0
2396,Fb0,tBu,5,1,5,1,0,0
2397,Fb3b,tBu,5,1,5,1,0,0
2398,Fb3c,tBu,5,1,5,1,0,0
2399,Fb3d,tBu,5,1,5,1,0,0
2400,Fb3t,tBu,5,1,5,1,0,0
2401,Fb4b,tBu,5,1,5,1,0,0
2402,Fb4c,tBu,5,1,5,1,0,0
2403,Fb4d,tBu,5,1,5,1,0,0
2404,Fb4t,tBu,5,1,5,1,0,0
2405,Fb5b,tBu,4,0,3,0,1,0
2406,Fb5c,tBu,4,1,4,1,0,0
2407,Fb5d,tBu,3,1,3,1,0,0
2408,Fb5t,tBu,3,1,3,1,0,0
2409,Fc0,tBu,2,1,2,1,0,0
2410,Fc2b,tBu,5,1,5,1,0,0
2411,Fc2c,tBu,5,1,5,1,0,0
2412,Fc2d,tBu,5,1,5,1,0,0
2413,Fc2t,tBu,5,1,5,1,0,0
2414,Fc4b,tBu,5,0,2,1,1,1
2415,Fc4c,tBu,5,1,5,1,0,0
2416,Fc4d,tBu,2,1,2,0,0,1
2417,Fc4t,tBu,2,1,2,1,0,0
2418,Fc5b,tBu,2,1,2,1,0,0
2419,Fc5c,tBu,2,1,2,1,0,0
2420,Fc5d,tBu,2,1,2,1,0,0
2421,Fc5t,tBu,2,1,2,1,0,0
2422,Fd0,tBu,5,1,5,1,0,0
2423,Fd3b,tBu,5,1,5,1,0,0
2424,Fd3c,tBu,5,1,5,1,0,0
2425,Fd3d,tBu,5,1,5,1,0,0
2426,Fd3t,tBu,5,1,5,1,0,0
2427,Fd4b,tBu,5,1,5,1,0,0
2428,Fd4c,tBu,5,1,5,1,0,0
2429,Fd4d,tBu,5,1,5,1,0,0
2430,Fd4t,tBu,5,1,5,1,0,0
2431,Fd5b,tBu,4,0,4,0,0,0
2432,Fd5c,tBu,4,1,4,1,0,0
2433,Fd5d,tBu,3,1,3,1,0,0
2434,Fd5t,tBu,3,1,3,1,0,0
2435,Fe0,tBu,2,0,2,0,0,0
2436,Fe2b,tBu,5,1,5,1,0,0
2437,Fe2c,tBu,5,1,5,1,0,0
2438,Fe2d,tBu,5,1,5,1,0,0
2439,Fe2t,tBu,5,1,5,1,0,0
2440,Fe4b,tBu,5,0,2,0,1,0
2441,Fe4c,tBu,5,1,5,1,0,0
2442,Fe4d,tBu,2,1,2,0,0,1
2443,Fe4t,tBu,2,1,2,1,0,0
2444,Fe5b,tBu,2,1,2,1,0,0
2445,Fe5c,tBu,2,0,2,0,0,0
2446,Fe5d,tBu,2,1,2,1,0,0
2447,Fe5t,tBu,2,1,2,1,0,0
2448,Ff0,tBu,5,1,5,1,0,0
2449,Ff3b,tBu,5,1,5,1,0,0
2450,Ff3c,tBu,5,1,5,1,0,0
2451,Ff3d,tBu,5,1,5,1,0,0
2452,Ff3t,tBu,5,1,5,1,0,0
2453,Ff4b,tBu,5,1,5,1,0,0
2454,Ff4c,tBu,5,1,5,1,0,0
2455,Ff4d,tBu,5,1,5,1,0,0
2456,Ff4t,tBu,5,1,5,1,0,0
2457,Ff5b,tBu,4,0,3,0,1,0
2458,Ff5c,tBu,4,1,4,1,0,0
2459,Ff5d,tBu,3,1,3,1,0,0
2460,Ff5t,tBu,3,1,3,1,0,0
2461,G0h,tBu,3,0,3,0,0,0
2462,G0hH,tBu,3,0,3,0,0,0
2463,G1b,tBu,3,0,4,0,1,0
2464,G1bH,tBu,3,0,3,0,0,0
2465,G1c,tBu,4,0,4,0,0,0
2466,G1cH,tBu,3,1,3,0,0,1
2467,G1d,tBu,2,1,2,1,0,0
2468,G1dH,tBu,3,0,5,0,1,0
2469,G1t,tBu,3,0,5,0,1,0
2470,G1tH,tBu,3,0,5,0,1,0
2471,G2b,tBu,5,0,5,0,0,0
2472,G2bH,tBu,5,0,5,0,0,0
2473,G2c,tBu,3,0,3,0,0,0
2474,G2cH,tBu,3,0,3,0,0,0
2475,G2d,tBu,3,0,1,0,1,0
2476,G2dH,tBu,1,0,1,0,0,0
2477,G2t,tBu,5,0,5,0,0,0
2478,G2tH,tBu,5,1,5,1,0,0
2479,G3b,tBu,1,0,1,0,0,0
2480,G3bH,tBu,1,1,1,1,0,0
2481,G3c,tBu,2,1,2,1,0,0
2482,G3cH,tBu,1,1,1,1,0,0
2483,G3d,tBu,1,0,2,0,1,0
2484,G3dH,tBu,1,1,1,1,0,0
2485,G3t,tBu,1,1,1,1,0,0
2486,G3tH,tBu,1,1,1,1,0,0
2487,H01b,tBu,3,0,3,0,0,0
2488,H01bH,tBu,3,1,3,1,0,0
2489,H01c,tBu,3,1,3,0,0,1
2490,H01cH,tBu,3,0,3,0,0,0
2491,H01d,tBu,1,0,1,1,0,1
2492,H01dH,tBu,4,0,1,1,1,1
2493,H01t,tBu,4,0,4,0,0,0
2494,H01tH,tBu,4,1,4,1,0,0
2495,HFa0,tBu,5,1,5,1,0,0
2496,HFa2b,tBu,5,1,5,1,0,0
2497,HFa2c,tBu,5,1,5,1,0,0
2498,HFa2d,tBu,5,0,5,0,0,0
2499,HFa2t,tBu,5,0,5,0,0,0
2500,HFa4t,tBu,2,1,2,1,0,0
2501,HFa5d,tBu,2,1,2,1,0,0
2502,HFa5t,tBu,2,1,2,1,0,0
2503,HFb0,tBu,3,0,3,0,0,0
2504,HFb3b,tBu,5,1,5,1,0,0
2505,HFb3c,tBu,5,1,5,1,0,0
2506,HFb3d,tBu,5,1,5,1,0,0
2507,HFb3t,tBu,5,1,5,1,0,0
2508,HFb4b,tBu,5,0,5,0,0,0
2509,HFb4c,tBu,5,0,5,0,0,0
2510,HFb4d,tBu,5,0,3,0,1,0
2511,HFb4t,tBu,5,0,3,1,1,1
2512,HFb5b,tBu,3,1,3,1,0,0
2513,HFb5c,tBu,3,1,3,1,0,0
2514,HFb5d,tBu,3,1,3,1,0,0
2515,HFb5t,tBu,3,1,3,1,0,0
2516,HFc0,tBu,5,1,5,1,0,0
2517,HFc2b,tBu,5,1,5,1,0,0
2518,HFc2c,tBu,5,1,5,1,0,0
2519,HFc2d,tBu,5,1,5,1,0,0
2520,HFc2t,tBu,5,1,5,1,0,0
2521,HFd0,tBu,3,1,3,1,0,0
2522,HFd3c,tBu,5,1,5,1,0,0
2523,HFd3d,tBu,5,1,5,1,0,0
2524,HFd3t,tBu,5,1,5,1,0,0
2525,HFd4t,tBu,5,1,5,1,0,0
2526,HFd5b,tBu,3,1,3,1,0,0
2527,HFd5c,tBu,3,1,3,1,0,0
2528,HFd5d,tBu,3,1,3,1,0,0
2529,HFd5t,tBu,3,1,3,1,0,0
2530,HFe0,tBu,2,1,2,1,0,0
2531,HFe4b,tBu,2,1,2,1,0,0
2532,HFe4c,tBu,2,1,2,1,0,0
2533,HFe4d,tBu,2,1,2,1,0,0
2534,HFe4t,tBu,2,1,2,1,0,0
2535,HFf0,tBu,3,1,3,1,0,0
2536,HFf3b,tBu,5,1,5,1,0,0
2537,HFf3c,tBu,5,1,5,1,0,0
2538,HFf3d,tBu,5,1,5,1,0,0
2539,HFf3t,tBu,5,1,5,1,0,0
